I_tot,I_detected,t_first_detection,I_t_detection
1,1,5.1000000000000005,1.0
1,1,3.1,1.0
1,1,6.1000000000000005,1.0
1,1,10.100000000000001,1.0
2,1,3.1,2.0
159,94,5.1000000000000005,1.0
1,0,NaN,NaN
1,1,6.1000000000000005,1.0
98,58,15.100000000000001,10.0
1,0,NaN,NaN
1,1,2.1,1.0
1,0,NaN,NaN
166,103,4.1000000000000005,3.0
1,0,NaN,NaN
1,1,7.1000000000000005,1.0
1,0,NaN,NaN
179,110,8.1,10.0
17,11,3.1,4.0
1,1,4.1000000000000005,1.0
1,0,NaN,NaN
185,126,13.100000000000001,4.0
1,1,6.1000000000000005,1.0
1,0,NaN,NaN
2,2,5.1000000000000005,1.0
4,2,6.1000000000000005,2.0
1,1,7.1000000000000005,1.0
2,2,7.1000000000000005,2.0
1,0,NaN,NaN
1,0,NaN,NaN
1,1,4.1000000000000005,1.0
3,2,4.1000000000000005,2.0
1,0,NaN,NaN
1,1,9.1,1.0
1,0,NaN,NaN
1,0,NaN,NaN
1,0,NaN,NaN
1,1,7.1000000000000005,1.0
1,1,7.1000000000000005,1.0
82,53,9.1,3.0
1,0,NaN,NaN
2,2,13.100000000000001,1.0
1,0,NaN,NaN
1,0,NaN,NaN
117,73,4.1000000000000005,14.0
1,0,NaN,NaN
2,1,12.100000000000001,2.0
1,0,NaN,NaN
1,0,NaN,NaN
1,0,NaN,NaN
2,2,11.100000000000001,2.0
1,1,8.1,1.0
1,0,NaN,NaN
12,5,10.100000000000001,3.0
1,1,4.1000000000000005,1.0
2,1,26.1,2.0
1,1,5.1000000000000005,1.0
1,1,9.1,1.0
1,1,7.1000000000000005,1.0
5,5,7.1000000000000005,4.0
1,1,7.1000000000000005,1.0
114,66,7.1000000000000005,14.0
182,110,6.1000000000000005,8.0
140,89,13.100000000000001,28.0
1,0,NaN,NaN
6,3,6.1000000000000005,2.0
1,1,10.100000000000001,1.0
1,1,6.1000000000000005,1.0
1,0,NaN,NaN
1,0,NaN,NaN
1,0,NaN,NaN
1,1,7.1000000000000005,1.0
1,0,NaN,NaN
1,0,NaN,NaN
172,100,6.1000000000000005,4.0
8,5,14.100000000000001,5.0
149,103,4.1000000000000005,5.0
1,1,7.1000000000000005,1.0
1,0,NaN,NaN
1,1,6.1000000000000005,1.0
1,1,9.1,1.0
168,102,8.1,25.0
165,111,4.1000000000000005,2.0
1,1,14.100000000000001,1.0
1,1,4.1000000000000005,1.0
6,4,10.100000000000001,6.0
173,121,6.1000000000000005,1.0
1,0,NaN,NaN
2,1,17.1,2.0
1,1,8.1,1.0
1,1,5.1000000000000005,1.0
1,0,NaN,NaN
1,0,NaN,NaN
1,1,8.1,1.0
1,1,9.1,1.0
1,0,NaN,NaN
1,0,NaN,NaN
1,1,14.100000000000001,1.0
169,100,5.1000000000000005,1.0
2,1,7.1000000000000005,2.0
4,2,9.1,3.0
1,0,NaN,NaN
1,0,NaN,NaN
144,86,7.1000000000000005,6.0
1,1,4.1000000000000005,1.0
1,0,NaN,NaN
1,0,NaN,NaN
29,19,16.1,8.0
2,0,NaN,NaN
1,0,NaN,NaN
2,1,21.1,2.0
1,1,6.1000000000000005,1.0
1,1,14.100000000000001,1.0
1,0,NaN,NaN
1,0,NaN,NaN
1,0,NaN,NaN
1,1,15.100000000000001,1.0
1,1,7.1000000000000005,1.0
1,0,NaN,NaN
1,1,7.1000000000000005,1.0
1,0,NaN,NaN
1,1,9.1,1.0
135,85,5.1000000000000005,4.0
1,0,NaN,NaN
152,98,5.1000000000000005,7.0
2,1,6.1000000000000005,1.0
1,0,NaN,NaN
169,102,7.1000000000000005,5.0
1,1,15.100000000000001,1.0
1,0,NaN,NaN
1,0,NaN,NaN
3,0,NaN,NaN
1,0,NaN,NaN
1,1,9.1,1.0
1,1,9.1,1.0
1,0,NaN,NaN
131,84,8.1,5.0
1,1,10.100000000000001,1.0
1,0,NaN,NaN
1,0,NaN,NaN
1,1,7.1000000000000005,1.0
1,1,9.1,1.0
1,0,NaN,NaN
1,1,8.1,1.0
1,0,NaN,NaN
1,0,NaN,NaN
144,89,14.100000000000001,9.0
1,0,NaN,NaN
17,12,6.1000000000000005,4.0
1,1,6.1000000000000005,1.0
1,0,NaN,NaN
1,1,7.1000000000000005,1.0
1,1,5.1000000000000005,1.0
1,0,NaN,NaN
1,1,5.1000000000000005,1.0
1,1,10.100000000000001,1.0
1,1,4.1000000000000005,1.0
1,0,NaN,NaN
1,0,NaN,NaN
1,1,15.100000000000001,1.0
173,101,11.100000000000001,22.0
1,0,NaN,NaN
1,0,NaN,NaN
1,1,6.1000000000000005,1.0
1,1,12.100000000000001,1.0
175,108,7.1000000000000005,20.0
1,0,NaN,NaN
2,0,NaN,NaN
137,83,1.1,2.0
1,1,5.1000000000000005,1.0
1,0,NaN,NaN
1,0,NaN,NaN
4,2,5.1000000000000005,1.0
1,1,7.1000000000000005,1.0
159,102,7.1000000000000005,6.0
1,1,10.100000000000001,1.0
178,107,13.100000000000001,3.0
1,1,7.1000000000000005,1.0
155,109,8.1,11.0
1,1,8.1,1.0
3,0,NaN,NaN
2,1,7.1000000000000005,2.0
1,1,7.1000000000000005,1.0
2,0,NaN,NaN
1,0,NaN,NaN
1,0,NaN,NaN
8,4,18.1,7.0
1,1,6.1000000000000005,1.0
2,2,9.1,1.0
1,1,8.1,1.0
1,1,4.1000000000000005,1.0
62,24,13.100000000000001,14.0
159,106,11.100000000000001,17.0
1,0,NaN,NaN
1,1,13.100000000000001,1.0
1,0,NaN,NaN
123,80,4.1000000000000005,19.0
1,0,NaN,NaN
1,1,14.100000000000001,1.0
1,1,7.1000000000000005,1.0
1,0,NaN,NaN
1,1,8.1,1.0
149,87,6.1000000000000005,10.0
26,16,7.1000000000000005,4.0
54,33,3.1,3.0
6,2,24.1,6.0
1,1,8.1,1.0
171,115,6.1000000000000005,7.0
1,0,NaN,NaN
1,1,3.1,1.0
180,120,9.1,31.0
1,0,NaN,NaN
1,1,3.1,1.0
182,108,14.100000000000001,10.0
1,1,5.1000000000000005,1.0
1,0,NaN,NaN
102,55,4.1000000000000005,12.0
1,1,12.100000000000001,1.0
97,55,9.1,14.0
1,0,NaN,NaN
5,2,12.100000000000001,5.0
3,1,15.100000000000001,3.0
1,0,NaN,NaN
1,1,5.1000000000000005,1.0
1,0,NaN,NaN
3,2,13.100000000000001,3.0
1,0,NaN,NaN
1,0,NaN,NaN
1,1,10.100000000000001,1.0
1,0,NaN,NaN
1,0,NaN,NaN
1,1,10.100000000000001,1.0
2,2,5.1000000000000005,1.0
1,0,NaN,NaN
3,3,3.1,1.0
161,105,7.1000000000000005,1.0
1,0,NaN,NaN
1,1,7.1000000000000005,1.0
1,0,NaN,NaN
13,8,9.1,5.0
1,0,NaN,NaN
1,0,NaN,NaN
1,0,NaN,NaN
1,0,NaN,NaN
2,2,5.1000000000000005,1.0
99,57,6.1000000000000005,11.0
1,0,NaN,NaN
1,1,6.1000000000000005,1.0
1,1,5.1000000000000005,1.0
9,4,5.1000000000000005,4.0
169,109,6.1000000000000005,18.0
1,0,NaN,NaN
1,0,NaN,NaN
136,94,4.1000000000000005,11.0
1,1,4.1000000000000005,1.0
1,0,NaN,NaN
1,1,10.100000000000001,1.0
1,1,8.1,1.0
1,0,NaN,NaN
1,1,7.1000000000000005,1.0
5,1,22.1,5.0
1,0,NaN,NaN
1,1,5.1000000000000005,1.0
136,93,8.1,3.0
126,70,11.100000000000001,24.0
1,0,NaN,NaN
1,1,11.100000000000001,1.0
2,2,8.1,1.0
1,1,6.1000000000000005,1.0
23,12,6.1000000000000005,8.0
179,122,9.1,13.0
1,0,NaN,NaN
1,1,9.1,1.0
1,1,12.100000000000001,1.0
1,0,NaN,NaN
2,2,4.1000000000000005,2.0
1,0,NaN,NaN
156,100,10.100000000000001,16.0
1,1,4.1000000000000005,1.0
3,0,NaN,NaN
1,0,NaN,NaN
1,1,5.1000000000000005,1.0
1,1,8.1,1.0
1,0,NaN,NaN
2,0,NaN,NaN
146,77,4.1000000000000005,4.0
34,24,8.1,14.0
1,1,7.1000000000000005,1.0
1,1,13.100000000000001,1.0
1,0,NaN,NaN
1,0,NaN,NaN
185,124,10.100000000000001,12.0
1,1,14.100000000000001,1.0
146,102,7.1000000000000005,4.0
158,88,6.1000000000000005,11.0
180,115,9.1,1.0
18,8,10.100000000000001,8.0
2,0,NaN,NaN
1,0,NaN,NaN
1,0,NaN,NaN
1,0,NaN,NaN
1,0,NaN,NaN
1,1,4.1000000000000005,1.0
155,92,9.1,23.0
3,3,7.1000000000000005,2.0
10,5,7.1000000000000005,5.0
1,1,11.100000000000001,1.0
1,0,NaN,NaN
147,95,6.1000000000000005,12.0
1,0,NaN,NaN
1,0,NaN,NaN
1,0,NaN,NaN
1,1,5.1000000000000005,1.0
167,110,2.1,4.0
163,115,14.100000000000001,3.0
133,87,17.1,38.0
1,1,8.1,1.0
1,1,14.100000000000001,1.0
1,0,NaN,NaN
1,1,7.1000000000000005,1.0
2,2,9.1,1.0
42,16,6.1000000000000005,13.0
11,4,14.100000000000001,7.0
1,0,NaN,NaN
157,98,5.1000000000000005,4.0
1,0,NaN,NaN
1,1,4.1000000000000005,1.0
1,1,4.1000000000000005,1.0
1,0,NaN,NaN
1,0,NaN,NaN
1,1,8.1,1.0
2,1,6.1000000000000005,1.0
2,1,5.1000000000000005,2.0
1,1,6.1000000000000005,1.0
1,1,7.1000000000000005,1.0
2,2,3.1,1.0
1,1,8.1,1.0
1,0,NaN,NaN
1,1,8.1,1.0
1,0,NaN,NaN
32,16,4.1000000000000005,2.0
32,23,10.100000000000001,7.0
1,1,6.1000000000000005,1.0
185,111,7.1000000000000005,1.0
1,1,6.1000000000000005,1.0
1,1,7.1000000000000005,1.0
1,0,NaN,NaN
189,121,13.100000000000001,3.0
1,0,NaN,NaN
9,6,10.100000000000001,9.0
180,105,7.1000000000000005,17.0
1,1,7.1000000000000005,1.0
1,1,3.1,1.0
1,1,8.1,1.0
1,0,NaN,NaN
1,1,7.1000000000000005,1.0
1,1,3.1,1.0
1,0,NaN,NaN
189,115,4.1000000000000005,2.0
175,112,5.1000000000000005,5.0
1,0,NaN,NaN
2,2,3.1,1.0
1,1,9.1,1.0
1,1,4.1000000000000005,1.0
1,0,NaN,NaN
1,0,NaN,NaN
1,0,NaN,NaN
173,111,5.1000000000000005,10.0
32,11,5.1000000000000005,1.0
1,0,NaN,NaN
1,1,8.1,1.0
98,65,15.100000000000001,14.0
1,1,6.1000000000000005,1.0
177,104,4.1000000000000005,5.0
1,0,NaN,NaN
44,31,8.1,4.0
134,87,6.1000000000000005,3.0
7,5,10.100000000000001,2.0
1,0,NaN,NaN
1,1,8.1,1.0
1,0,NaN,NaN
1,0,NaN,NaN
1,0,NaN,NaN
1,0,NaN,NaN
1,1,8.1,1.0
1,0,NaN,NaN
1,0,NaN,NaN
1,1,14.100000000000001,1.0
1,1,8.1,1.0
1,1,8.1,1.0
3,1,15.100000000000001,3.0
1,0,NaN,NaN
149,100,7.1000000000000005,4.0
1,1,6.1000000000000005,1.0
2,0,NaN,NaN
2,1,6.1000000000000005,1.0
1,1,8.1,1.0
6,3,9.1,6.0
172,105,5.1000000000000005,8.0
1,1,10.100000000000001,1.0
1,0,NaN,NaN
1,0,NaN,NaN
1,1,8.1,1.0
160,103,13.100000000000001,23.0
15,12,6.1000000000000005,1.0
1,1,7.1000000000000005,1.0
1,1,7.1000000000000005,1.0
1,0,NaN,NaN
152,91,7.1000000000000005,5.0
176,110,9.1,14.0
2,1,15.100000000000001,2.0
1,1,5.1000000000000005,1.0
1,0,NaN,NaN
174,110,6.1000000000000005,5.0
3,1,11.100000000000001,3.0
1,0,NaN,NaN
144,95,9.1,14.0
1,1,7.1000000000000005,1.0
2,0,NaN,NaN
1,1,7.1000000000000005,1.0
19,9,12.100000000000001,3.0
1,1,5.1000000000000005,1.0
175,104,15.100000000000001,15.0
1,1,5.1000000000000005,1.0
1,1,5.1000000000000005,1.0
1,1,12.100000000000001,1.0
5,3,13.100000000000001,1.0
13,9,8.1,10.0
127,74,9.1,8.0
3,3,7.1000000000000005,3.0
5,4,5.1000000000000005,1.0
3,1,12.100000000000001,3.0
1,1,8.1,1.0
1,0,NaN,NaN
1,0,NaN,NaN
1,0,NaN,NaN
162,90,10.100000000000001,17.0
1,0,NaN,NaN
3,3,7.1000000000000005,1.0
1,1,13.100000000000001,1.0
1,1,8.1,1.0
173,108,7.1000000000000005,6.0
1,1,6.1000000000000005,1.0
1,1,4.1000000000000005,1.0
1,0,NaN,NaN
1,1,7.1000000000000005,1.0
1,1,7.1000000000000005,1.0
1,1,8.1,1.0
1,1,4.1000000000000005,1.0
9,3,8.1,2.0
160,99,6.1000000000000005,3.0
4,2,7.1000000000000005,4.0
1,0,NaN,NaN
1,1,10.100000000000001,1.0
1,1,11.100000000000001,1.0
1,0,NaN,NaN
1,0,NaN,NaN
1,0,NaN,NaN
1,0,NaN,NaN
1,1,4.1000000000000005,1.0
137,87,5.1000000000000005,4.0
168,100,13.100000000000001,13.0
1,1,7.1000000000000005,1.0
134,92,8.1,1.0
1,0,NaN,NaN
2,2,9.1,1.0
1,0,NaN,NaN
2,1,5.1000000000000005,1.0
181,118,4.1000000000000005,11.0
1,0,NaN,NaN
20,12,6.1000000000000005,4.0
1,1,6.1000000000000005,1.0
1,1,12.100000000000001,1.0
40,31,7.1000000000000005,10.0
2,2,8.1,1.0
1,0,NaN,NaN
150,80,16.1,10.0
1,0,NaN,NaN
1,1,10.100000000000001,1.0
1,0,NaN,NaN
1,1,10.100000000000001,1.0
2,0,NaN,NaN
143,101,6.1000000000000005,8.0
1,0,NaN,NaN
1,1,4.1000000000000005,1.0
1,1,8.1,1.0
139,85,10.100000000000001,10.0
1,0,NaN,NaN
178,108,4.1000000000000005,20.0
1,1,8.1,1.0
1,1,9.1,1.0
1,1,5.1000000000000005,1.0
1,1,3.1,1.0
145,98,6.1000000000000005,8.0
154,79,10.100000000000001,10.0
1,1,7.1000000000000005,1.0
3,1,13.100000000000001,3.0
1,0,NaN,NaN
1,1,9.1,1.0
152,104,5.1000000000000005,1.0
1,0,NaN,NaN
1,1,7.1000000000000005,1.0
1,1,4.1000000000000005,1.0
1,0,NaN,NaN
123,78,14.100000000000001,17.0
1,0,NaN,NaN
187,112,19.1,31.0
51,25,12.100000000000001,7.0
1,0,NaN,NaN
1,1,6.1000000000000005,1.0
1,0,NaN,NaN
1,1,5.1000000000000005,1.0
1,0,NaN,NaN
89,60,14.100000000000001,8.0
1,1,8.1,1.0
1,1,6.1000000000000005,1.0
17,14,5.1000000000000005,2.0
2,1,7.1000000000000005,2.0
1,1,8.1,1.0
1,0,NaN,NaN
146,95,7.1000000000000005,10.0
156,88,9.1,18.0
2,2,7.1000000000000005,1.0
1,0,NaN,NaN
5,2,7.1000000000000005,2.0
1,0,NaN,NaN
1,1,11.100000000000001,1.0
155,106,7.1000000000000005,6.0
14,8,13.100000000000001,3.0
152,95,7.1000000000000005,6.0
1,1,4.1000000000000005,1.0
1,1,8.1,1.0
1,0,NaN,NaN
6,4,7.1000000000000005,6.0
3,3,8.1,1.0
1,1,8.1,1.0
1,1,5.1000000000000005,1.0
1,0,NaN,NaN
164,89,11.100000000000001,6.0
3,2,10.100000000000001,3.0
6,3,7.1000000000000005,3.0
1,0,NaN,NaN
1,0,NaN,NaN
1,0,NaN,NaN
1,1,8.1,1.0
116,54,13.100000000000001,12.0
152,80,9.1,15.0
30,20,5.1000000000000005,7.0
23,17,4.1000000000000005,2.0
1,0,NaN,NaN
1,0,NaN,NaN
1,0,NaN,NaN
1,1,4.1000000000000005,1.0
1,1,4.1000000000000005,1.0
17,10,13.100000000000001,11.0
1,0,NaN,NaN
4,0,NaN,NaN
1,0,NaN,NaN
1,0,NaN,NaN
1,1,9.1,1.0
1,0,NaN,NaN
1,0,NaN,NaN
1,1,7.1000000000000005,1.0
95,60,7.1000000000000005,8.0
25,10,19.1,16.0
1,0,NaN,NaN
8,5,7.1000000000000005,3.0
18,6,19.1,4.0
183,120,14.100000000000001,42.0
2,2,8.1,1.0
1,0,NaN,NaN
1,0,NaN,NaN
1,1,7.1000000000000005,1.0
1,1,5.1000000000000005,1.0
1,1,5.1000000000000005,1.0
1,1,7.1000000000000005,1.0
176,115,3.1,2.0
1,0,NaN,NaN
1,0,NaN,NaN
18,10,14.100000000000001,7.0
2,1,8.1,2.0
1,0,NaN,NaN
1,0,NaN,NaN
1,0,NaN,NaN
1,0,NaN,NaN
1,0,NaN,NaN
1,0,NaN,NaN
1,1,5.1000000000000005,1.0
1,1,6.1000000000000005,1.0
3,3,6.1000000000000005,1.0
159,109,7.1000000000000005,1.0
1,0,NaN,NaN
1,0,NaN,NaN
1,1,9.1,1.0
1,1,7.1000000000000005,1.0
1,1,10.100000000000001,1.0
1,0,NaN,NaN
1,0,NaN,NaN
85,53,5.1000000000000005,2.0
1,0,NaN,NaN
129,82,6.1000000000000005,1.0
1,1,7.1000000000000005,1.0
175,105,8.1,26.0
1,1,3.1,1.0
1,1,6.1000000000000005,1.0
130,84,6.1000000000000005,1.0
1,0,NaN,NaN
8,3,4.1000000000000005,5.0
1,1,7.1000000000000005,1.0
1,0,NaN,NaN
181,108,5.1000000000000005,2.0
1,0,NaN,NaN
1,1,14.100000000000001,1.0
1,1,7.1000000000000005,1.0
1,0,NaN,NaN
1,0,NaN,NaN
33,22,6.1000000000000005,7.0
1,1,7.1000000000000005,1.0
11,6,6.1000000000000005,3.0
165,94,14.100000000000001,9.0
1,0,NaN,NaN
1,1,14.100000000000001,1.0
1,1,8.1,1.0
1,1,4.1000000000000005,1.0
1,1,5.1000000000000005,1.0
6,2,5.1000000000000005,2.0
155,95,8.1,10.0
118,79,11.100000000000001,16.0
176,111,10.100000000000001,18.0
1,0,NaN,NaN
1,0,NaN,NaN
1,0,NaN,NaN
1,1,8.1,1.0
168,97,14.100000000000001,14.0
4,4,7.1000000000000005,2.0
159,108,11.100000000000001,20.0
1,0,NaN,NaN
1,1,8.1,1.0
1,1,4.1000000000000005,1.0
1,0,NaN,NaN
1,1,6.1000000000000005,1.0
1,0,NaN,NaN
1,1,4.1000000000000005,1.0
1,0,NaN,NaN
1,1,7.1000000000000005,1.0
1,1,3.1,1.0
1,0,NaN,NaN
1,0,NaN,NaN
1,1,3.1,1.0
1,1,10.100000000000001,1.0
1,1,7.1000000000000005,1.0
1,0,NaN,NaN
1,0,NaN,NaN
1,0,NaN,NaN
7,6,4.1000000000000005,3.0
152,89,4.1000000000000005,3.0
154,96,11.100000000000001,6.0
1,1,3.1,1.0
1,0,NaN,NaN
18,10,7.1000000000000005,1.0
1,1,10.100000000000001,1.0
1,1,14.100000000000001,1.0
1,0,NaN,NaN
1,1,8.1,1.0
1,1,6.1000000000000005,1.0
1,0,NaN,NaN
1,1,4.1000000000000005,1.0
1,0,NaN,NaN
1,0,NaN,NaN
182,114,9.1,20.0
1,1,7.1000000000000005,1.0
1,0,NaN,NaN
1,1,8.1,1.0
1,1,7.1000000000000005,1.0
154,88,8.1,3.0
179,114,5.1000000000000005,4.0
1,1,5.1000000000000005,1.0
1,1,7.1000000000000005,1.0
56,23,3.1,2.0
1,1,11.100000000000001,1.0
43,26,6.1000000000000005,13.0
146,85,2.1,2.0
1,0,NaN,NaN
1,0,NaN,NaN
171,110,5.1000000000000005,7.0
1,1,6.1000000000000005,1.0
1,0,NaN,NaN
1,1,6.1000000000000005,1.0
1,1,5.1000000000000005,1.0
110,66,9.1,24.0
1,1,8.1,1.0
174,110,5.1000000000000005,23.0
141,83,5.1000000000000005,2.0
1,0,NaN,NaN
1,0,NaN,NaN
157,103,7.1000000000000005,14.0
42,26,2.1,1.0
1,1,7.1000000000000005,1.0
1,1,8.1,1.0
8,5,7.1000000000000005,7.0
1,1,7.1000000000000005,1.0
1,1,6.1000000000000005,1.0
32,15,12.100000000000001,12.0
1,0,NaN,NaN
1,1,6.1000000000000005,1.0
1,1,13.100000000000001,1.0
1,1,7.1000000000000005,1.0
1,1,8.1,1.0
1,0,NaN,NaN
1,0,NaN,NaN
1,0,NaN,NaN
1,0,NaN,NaN
1,1,3.1,1.0
1,1,4.1000000000000005,1.0
30,12,9.1,18.0
1,1,15.100000000000001,1.0
2,0,NaN,NaN
87,53,14.100000000000001,5.0
1,0,NaN,NaN
1,0,NaN,NaN
1,1,6.1000000000000005,1.0
2,1,9.1,2.0
1,0,NaN,NaN
1,1,7.1000000000000005,1.0
2,2,9.1,1.0
184,119,12.100000000000001,14.0
163,106,8.1,3.0
5,4,7.1000000000000005,3.0
68,43,11.100000000000001,5.0
1,0,NaN,NaN
1,1,6.1000000000000005,1.0
40,21,14.100000000000001,7.0
1,0,NaN,NaN
1,1,5.1000000000000005,1.0
1,1,9.1,1.0
130,82,14.100000000000001,4.0
1,0,NaN,NaN
144,95,11.100000000000001,4.0
153,105,8.1,4.0
1,0,NaN,NaN
143,86,11.100000000000001,1.0
98,62,2.1,7.0
1,0,NaN,NaN
1,0,NaN,NaN
1,0,NaN,NaN
1,0,NaN,NaN
150,88,5.1000000000000005,1.0
1,0,NaN,NaN
1,1,7.1000000000000005,1.0
1,0,NaN,NaN
86,46,8.1,8.0
1,1,8.1,1.0
21,13,17.1,6.0
1,1,4.1000000000000005,1.0
1,0,NaN,NaN
1,1,3.1,1.0
175,108,9.1,17.0
155,84,5.1000000000000005,6.0
1,1,5.1000000000000005,1.0
1,1,11.100000000000001,1.0
1,1,3.1,1.0
1,0,NaN,NaN
2,1,11.100000000000001,2.0
1,0,NaN,NaN
1,0,NaN,NaN
1,0,NaN,NaN
1,0,NaN,NaN
167,103,6.1000000000000005,7.0
172,106,3.1,10.0
175,112,8.1,7.0
1,1,8.1,1.0
68,33,8.1,3.0
1,1,8.1,1.0
1,1,5.1000000000000005,1.0
1,1,6.1000000000000005,1.0
1,0,NaN,NaN
1,0,NaN,NaN
46,23,5.1000000000000005,3.0
2,1,3.1,1.0
1,1,7.1000000000000005,1.0
1,1,7.1000000000000005,1.0
1,1,8.1,1.0
118,77,5.1000000000000005,2.0
26,14,8.1,14.0
1,1,7.1000000000000005,1.0
1,0,NaN,NaN
1,1,4.1000000000000005,1.0
1,0,NaN,NaN
1,1,10.100000000000001,1.0
2,2,13.100000000000001,2.0
1,1,6.1000000000000005,1.0
19,11,9.1,14.0
1,0,NaN,NaN
177,116,6.1000000000000005,17.0
1,1,12.100000000000001,1.0
1,1,5.1000000000000005,1.0
1,0,NaN,NaN
2,0,NaN,NaN
2,1,8.1,2.0
1,0,NaN,NaN
12,7,20.1,8.0
1,1,8.1,1.0
1,1,8.1,1.0
1,0,NaN,NaN
1,0,NaN,NaN
1,1,14.100000000000001,1.0
183,117,14.100000000000001,25.0
1,1,12.100000000000001,1.0
1,0,NaN,NaN
1,1,9.1,1.0
1,0,NaN,NaN
1,1,9.1,1.0
1,0,NaN,NaN
1,1,9.1,1.0
1,1,13.100000000000001,1.0
1,1,4.1000000000000005,1.0
154,97,8.1,22.0
1,1,12.100000000000001,1.0
1,0,NaN,NaN
3,3,6.1000000000000005,1.0
155,90,7.1000000000000005,3.0
1,0,NaN,NaN
1,1,5.1000000000000005,1.0
2,0,NaN,NaN
7,3,7.1000000000000005,2.0
4,1,6.1000000000000005,1.0
1,0,NaN,NaN
180,110,5.1000000000000005,3.0
1,1,6.1000000000000005,1.0
1,0,NaN,NaN
1,0,NaN,NaN
1,0,NaN,NaN
1,1,3.1,1.0
1,1,8.1,1.0
1,1,8.1,1.0
103,58,10.100000000000001,16.0
1,0,NaN,NaN
94,60,8.1,4.0
20,9,11.100000000000001,4.0
1,0,NaN,NaN
2,2,7.1000000000000005,2.0
1,1,4.1000000000000005,1.0
148,97,6.1000000000000005,26.0
1,1,5.1000000000000005,1.0
1,0,NaN,NaN
16,10,4.1000000000000005,4.0
1,0,NaN,NaN
1,0,NaN,NaN
1,1,12.100000000000001,1.0
13,5,9.1,6.0
1,1,7.1000000000000005,1.0
1,1,8.1,1.0
1,0,NaN,NaN
155,89,9.1,10.0
1,1,8.1,1.0
1,1,6.1000000000000005,1.0
97,51,6.1000000000000005,2.0
1,0,NaN,NaN
9,7,7.1000000000000005,3.0
1,0,NaN,NaN
165,86,9.1,11.0
164,108,4.1000000000000005,3.0
3,0,NaN,NaN
1,1,10.100000000000001,1.0
1,0,NaN,NaN
2,1,12.100000000000001,2.0
1,1,8.1,1.0
152,97,8.1,1.0
158,95,6.1000000000000005,11.0
1,0,NaN,NaN
1,1,8.1,1.0
1,0,NaN,NaN
1,1,4.1000000000000005,1.0
1,1,7.1000000000000005,1.0
3,3,6.1000000000000005,3.0
1,1,3.1,1.0
1,1,8.1,1.0
169,102,6.1000000000000005,6.0
1,1,8.1,1.0
1,0,NaN,NaN
2,1,11.100000000000001,2.0
170,109,7.1000000000000005,22.0
1,0,NaN,NaN
2,1,4.1000000000000005,1.0
14,7,13.100000000000001,10.0
156,99,11.100000000000001,17.0
1,1,24.1,1.0
1,1,6.1000000000000005,1.0
1,1,5.1000000000000005,1.0
174,111,9.1,13.0
187,117,5.1000000000000005,9.0
8,3,8.1,2.0
167,96,13.100000000000001,46.0
5,3,2.1,1.0
1,1,9.1,1.0
19,12,5.1000000000000005,5.0
1,1,15.100000000000001,1.0
179,109,7.1000000000000005,2.0
1,0,NaN,NaN
1,1,6.1000000000000005,1.0
1,0,NaN,NaN
1,1,14.100000000000001,1.0
1,1,6.1000000000000005,1.0
1,1,7.1000000000000005,1.0
1,1,4.1000000000000005,1.0
164,102,8.1,2.0
1,0,NaN,NaN
163,109,3.1,1.0
1,0,NaN,NaN
1,1,8.1,1.0
1,1,3.1,1.0
161,96,5.1000000000000005,29.0
1,0,NaN,NaN
1,1,4.1000000000000005,1.0
133,74,7.1000000000000005,8.0
1,1,4.1000000000000005,1.0
17,9,11.100000000000001,3.0
171,108,3.1,10.0
1,0,NaN,NaN
1,0,NaN,NaN
1,1,12.100000000000001,1.0
2,0,NaN,NaN
6,2,15.100000000000001,3.0
1,1,13.100000000000001,1.0
2,1,17.1,2.0
1,1,10.100000000000001,1.0
5,3,7.1000000000000005,1.0
1,0,NaN,NaN
161,102,2.1,1.0
1,0,NaN,NaN
162,97,7.1000000000000005,10.0
7,4,10.100000000000001,6.0
83,47,11.100000000000001,17.0
180,121,7.1000000000000005,9.0
1,1,4.1000000000000005,1.0
1,1,3.1,1.0
1,1,7.1000000000000005,1.0
1,1,10.100000000000001,1.0
162,108,8.1,1.0
1,0,NaN,NaN
1,1,12.100000000000001,1.0
153,91,9.1,2.0
1,0,NaN,NaN
1,1,8.1,1.0
1,0,NaN,NaN
173,119,11.100000000000001,8.0
2,2,6.1000000000000005,1.0
1,0,NaN,NaN
44,22,6.1000000000000005,2.0
1,0,NaN,NaN
1,1,5.1000000000000005,1.0
1,1,3.1,1.0
133,67,4.1000000000000005,9.0
1,1,13.100000000000001,1.0
140,97,15.100000000000001,22.0
1,0,NaN,NaN
1,1,3.1,1.0
1,1,7.1000000000000005,1.0
1,1,7.1000000000000005,1.0
1,0,NaN,NaN
1,1,3.1,1.0
1,1,9.1,1.0
1,0,NaN,NaN
3,2,15.100000000000001,2.0
1,1,14.100000000000001,1.0
166,112,5.1000000000000005,9.0
177,105,13.100000000000001,24.0
154,104,6.1000000000000005,10.0
1,0,NaN,NaN
185,131,13.100000000000001,17.0
19,9,4.1000000000000005,4.0
1,1,4.1000000000000005,1.0
1,1,6.1000000000000005,1.0
1,0,NaN,NaN
1,1,5.1000000000000005,1.0
1,0,NaN,NaN
153,94,7.1000000000000005,3.0
63,45,9.1,17.0
1,1,7.1000000000000005,1.0
1,0,NaN,NaN
28,12,5.1000000000000005,5.0
152,80,5.1000000000000005,9.0
1,1,7.1000000000000005,1.0
1,1,13.100000000000001,1.0
4,2,10.100000000000001,3.0
1,0,NaN,NaN
1,1,4.1000000000000005,1.0
1,1,3.1,1.0
6,4,6.1000000000000005,2.0
152,97,4.1000000000000005,7.0
1,1,7.1000000000000005,1.0
1,1,8.1,1.0
2,2,7.1000000000000005,1.0
1,1,6.1000000000000005,1.0
1,0,NaN,NaN
1,1,10.100000000000001,1.0
4,3,3.1,1.0
1,0,NaN,NaN
167,100,7.1000000000000005,16.0
1,1,8.1,1.0
181,103,4.1000000000000005,10.0
1,0,NaN,NaN
1,1,12.100000000000001,1.0
1,0,NaN,NaN
171,109,5.1000000000000005,3.0
1,0,NaN,NaN
142,90,11.100000000000001,5.0
1,1,6.1000000000000005,1.0
1,1,6.1000000000000005,1.0
1,1,6.1000000000000005,1.0
166,106,7.1000000000000005,23.0
1,0,NaN,NaN
164,95,18.1,10.0
1,0,NaN,NaN
36,10,6.1000000000000005,1.0
1,1,17.1,1.0
1,1,5.1000000000000005,1.0
2,0,NaN,NaN
158,105,5.1000000000000005,5.0
1,0,NaN,NaN
3,1,23.1,2.0
1,1,10.100000000000001,1.0
1,0,NaN,NaN
1,0,NaN,NaN
1,1,7.1000000000000005,1.0
1,1,6.1000000000000005,1.0
1,1,15.100000000000001,1.0
134,96,8.1,1.0
8,4,4.1000000000000005,5.0
1,1,5.1000000000000005,1.0
1,0,NaN,NaN
81,54,14.100000000000001,1.0
154,98,5.1000000000000005,6.0
153,91,7.1000000000000005,10.0
165,102,5.1000000000000005,14.0
182,107,7.1000000000000005,5.0
6,3,12.100000000000001,6.0
1,0,NaN,NaN
2,2,8.1,2.0
1,1,6.1000000000000005,1.0
1,0,NaN,NaN
1,1,16.1,1.0
1,0,NaN,NaN
1,1,3.1,1.0
1,1,3.1,1.0
1,1,5.1000000000000005,1.0
1,0,NaN,NaN
1,1,7.1000000000000005,1.0
2,2,21.1,2.0
1,1,6.1000000000000005,1.0
1,1,5.1000000000000005,1.0
1,1,9.1,1.0
1,1,10.100000000000001,1.0
1,1,2.1,1.0
59,20,8.1,3.0
1,0,NaN,NaN
58,35,7.1000000000000005,2.0
1,1,4.1000000000000005,1.0
1,1,9.1,1.0
165,112,7.1000000000000005,2.0
19,12,8.1,13.0
176,117,7.1000000000000005,37.0
1,1,11.100000000000001,1.0
1,1,8.1,1.0
1,1,7.1000000000000005,1.0
6,6,7.1000000000000005,2.0
154,83,7.1000000000000005,6.0
1,1,7.1000000000000005,1.0
1,1,4.1000000000000005,1.0
2,2,8.1,2.0
1,0,NaN,NaN
183,114,8.1,5.0
1,1,6.1000000000000005,1.0
2,0,NaN,NaN
2,0,NaN,NaN
126,76,6.1000000000000005,11.0
1,0,NaN,NaN
1,0,NaN,NaN
1,1,7.1000000000000005,1.0
1,0,NaN,NaN
29,15,11.100000000000001,4.0
1,1,7.1000000000000005,1.0
2,2,11.100000000000001,1.0
1,1,6.1000000000000005,1.0
1,1,4.1000000000000005,1.0
172,111,7.1000000000000005,11.0
1,1,8.1,1.0
4,3,10.100000000000001,1.0
1,0,NaN,NaN
179,113,5.1000000000000005,16.0
1,0,NaN,NaN
1,0,NaN,NaN
1,0,NaN,NaN
18,10,8.1,14.0
1,0,NaN,NaN
1,0,NaN,NaN
1,1,11.100000000000001,1.0
1,1,6.1000000000000005,1.0
1,0,NaN,NaN
1,1,5.1000000000000005,1.0
2,1,12.100000000000001,2.0
3,1,14.100000000000001,3.0
1,0,NaN,NaN
170,103,10.100000000000001,4.0
158,88,6.1000000000000005,1.0
146,84,10.100000000000001,19.0
1,1,7.1000000000000005,1.0
1,0,NaN,NaN
1,1,5.1000000000000005,1.0
1,1,5.1000000000000005,1.0
1,0,NaN,NaN
1,1,7.1000000000000005,1.0
157,96,13.100000000000001,7.0
8,8,7.1000000000000005,1.0
1,1,8.1,1.0
1,0,NaN,NaN
1,1,8.1,1.0
1,1,9.1,1.0
1,1,12.100000000000001,1.0
1,1,4.1000000000000005,1.0
1,0,NaN,NaN
1,1,6.1000000000000005,1.0
1,0,NaN,NaN
1,1,4.1000000000000005,1.0
8,4,11.100000000000001,5.0
1,1,16.1,1.0
1,1,8.1,1.0
4,3,7.1000000000000005,1.0
1,1,3.1,1.0
146,98,5.1000000000000005,8.0
1,1,4.1000000000000005,1.0
1,0,NaN,NaN
1,1,6.1000000000000005,1.0
151,95,4.1000000000000005,4.0
1,0,NaN,NaN
1,1,8.1,1.0
1,1,2.1,1.0
1,0,NaN,NaN
1,1,3.1,1.0
1,1,5.1000000000000005,1.0
1,1,5.1000000000000005,1.0
1,1,4.1000000000000005,1.0
2,2,6.1000000000000005,2.0
1,0,NaN,NaN
167,99,9.1,6.0
3,2,7.1000000000000005,3.0
1,1,3.1,1.0
5,2,10.100000000000001,3.0
188,110,7.1000000000000005,17.0
1,0,NaN,NaN
1,0,NaN,NaN
1,1,8.1,1.0
1,1,8.1,1.0
1,1,5.1000000000000005,1.0
1,0,NaN,NaN
1,1,9.1,1.0
4,2,7.1000000000000005,1.0
1,1,6.1000000000000005,1.0
1,1,12.100000000000001,1.0
1,0,NaN,NaN
1,1,4.1000000000000005,1.0
1,1,7.1000000000000005,1.0
1,1,8.1,1.0
1,1,4.1000000000000005,1.0
1,0,NaN,NaN
1,0,NaN,NaN
1,0,NaN,NaN
1,0,NaN,NaN
1,0,NaN,NaN
1,1,8.1,1.0
1,1,4.1000000000000005,1.0
1,0,NaN,NaN
158,104,7.1000000000000005,1.0
1,1,7.1000000000000005,1.0
1,1,3.1,1.0
7,4,7.1000000000000005,1.0
178,112,18.1,15.0
1,0,NaN,NaN
1,1,9.1,1.0
1,1,6.1000000000000005,1.0
2,1,14.100000000000001,2.0
1,1,6.1000000000000005,1.0
1,1,7.1000000000000005,1.0
41,26,3.1,6.0
18,7,10.100000000000001,14.0
1,0,NaN,NaN
133,83,4.1000000000000005,5.0
1,1,8.1,1.0
183,107,6.1000000000000005,2.0
1,1,10.100000000000001,1.0
1,1,7.1000000000000005,1.0
1,0,NaN,NaN
1,0,NaN,NaN
1,1,8.1,1.0
1,1,7.1000000000000005,1.0
1,0,NaN,NaN
1,0,NaN,NaN
177,114,9.1,9.0
1,1,7.1000000000000005,1.0
2,1,13.100000000000001,2.0
1,0,NaN,NaN
1,1,5.1000000000000005,1.0
1,1,3.1,1.0
169,107,7.1000000000000005,19.0
1,1,11.100000000000001,1.0
59,40,8.1,2.0
1,1,4.1000000000000005,1.0
1,0,NaN,NaN
143,86,7.1000000000000005,1.0
2,1,5.1000000000000005,1.0
1,0,NaN,NaN
1,1,3.1,1.0
1,1,6.1000000000000005,1.0
7,1,32.1,7.0
1,0,NaN,NaN
2,1,8.1,2.0
1,0,NaN,NaN
1,1,8.1,1.0
1,1,9.1,1.0
3,1,11.100000000000001,3.0
1,1,4.1000000000000005,1.0
5,4,3.1,1.0
1,0,NaN,NaN
2,1,12.100000000000001,2.0
147,96,18.1,8.0
158,92,6.1000000000000005,36.0
1,1,4.1000000000000005,1.0
6,4,17.1,6.0
1,1,14.100000000000001,1.0
1,0,NaN,NaN
1,1,3.1,1.0
139,84,6.1000000000000005,14.0
2,1,21.1,2.0
1,0,NaN,NaN
1,1,5.1000000000000005,1.0
1,0,NaN,NaN
1,1,4.1000000000000005,1.0
1,1,3.1,1.0
1,0,NaN,NaN
10,5,22.1,7.0
1,0,NaN,NaN
1,1,5.1000000000000005,1.0
1,0,NaN,NaN
23,15,8.1,16.0
1,1,5.1000000000000005,1.0
144,91,6.1000000000000005,2.0
2,0,NaN,NaN
5,3,9.1,5.0
1,0,NaN,NaN
1,0,NaN,NaN
3,0,NaN,NaN
1,1,4.1000000000000005,1.0
1,1,14.100000000000001,1.0
1,1,7.1000000000000005,1.0
1,0,NaN,NaN
1,0,NaN,NaN
1,1,5.1000000000000005,1.0
1,0,NaN,NaN
118,82,6.1000000000000005,8.0
2,1,4.1000000000000005,2.0
1,0,NaN,NaN
1,1,8.1,1.0
1,1,8.1,1.0
125,85,5.1000000000000005,2.0
1,1,8.1,1.0
1,1,4.1000000000000005,1.0
2,1,14.100000000000001,2.0
172,104,6.1000000000000005,13.0
164,102,13.100000000000001,5.0
1,0,NaN,NaN
1,0,NaN,NaN
1,1,7.1000000000000005,1.0
165,102,15.100000000000001,12.0
26,8,15.100000000000001,13.0
1,0,NaN,NaN
1,0,NaN,NaN
1,1,10.100000000000001,1.0
1,1,4.1000000000000005,1.0
1,1,7.1000000000000005,1.0
1,0,NaN,NaN
1,0,NaN,NaN
1,1,6.1000000000000005,1.0
1,1,5.1000000000000005,1.0
175,109,10.100000000000001,14.0
1,1,7.1000000000000005,1.0
1,1,6.1000000000000005,1.0
1,0,NaN,NaN
8,5,10.100000000000001,3.0
125,82,8.1,12.0
1,1,14.100000000000001,1.0
1,1,9.1,1.0
1,1,5.1000000000000005,1.0
1,1,11.100000000000001,1.0
1,1,9.1,1.0
1,1,6.1000000000000005,1.0
1,1,6.1000000000000005,1.0
1,0,NaN,NaN
5,2,12.100000000000001,4.0
153,95,8.1,18.0
1,1,3.1,1.0
1,1,3.1,1.0
1,0,NaN,NaN
1,1,7.1000000000000005,1.0
2,2,6.1000000000000005,1.0
1,0,NaN,NaN
2,0,NaN,NaN
1,0,NaN,NaN
6,2,6.1000000000000005,3.0
1,1,4.1000000000000005,1.0
180,113,6.1000000000000005,5.0
1,1,5.1000000000000005,1.0
177,120,7.1000000000000005,7.0
1,1,7.1000000000000005,1.0
2,2,6.1000000000000005,2.0
1,0,NaN,NaN
1,1,7.1000000000000005,1.0
1,0,NaN,NaN
169,110,6.1000000000000005,14.0
2,1,6.1000000000000005,2.0
1,0,NaN,NaN
1,0,NaN,NaN
1,1,10.100000000000001,1.0
1,1,3.1,1.0
1,0,NaN,NaN
144,90,8.1,18.0
2,1,5.1000000000000005,1.0
2,1,7.1000000000000005,2.0
1,1,6.1000000000000005,1.0
1,1,7.1000000000000005,1.0
1,0,NaN,NaN
1,1,5.1000000000000005,1.0
1,1,5.1000000000000005,1.0
1,0,NaN,NaN
1,0,NaN,NaN
165,100,3.1,1.0
162,102,6.1000000000000005,6.0
1,0,NaN,NaN
1,1,14.100000000000001,1.0
2,2,6.1000000000000005,1.0
1,0,NaN,NaN
1,0,NaN,NaN
1,0,NaN,NaN
1,1,8.1,1.0
1,0,NaN,NaN
1,1,3.1,1.0
167,112,7.1000000000000005,1.0
1,0,NaN,NaN
64,41,4.1000000000000005,6.0
1,0,NaN,NaN
1,0,NaN,NaN
1,0,NaN,NaN
142,80,7.1000000000000005,2.0
166,100,11.100000000000001,3.0
1,0,NaN,NaN
182,109,10.100000000000001,18.0
1,1,6.1000000000000005,1.0
1,1,8.1,1.0
1,1,4.1000000000000005,1.0
2,2,7.1000000000000005,1.0
1,0,NaN,NaN
1,1,8.1,1.0
1,1,14.100000000000001,1.0
19,9,5.1000000000000005,2.0
1,0,NaN,NaN
7,3,12.100000000000001,3.0
101,55,27.1,26.0
1,0,NaN,NaN
1,1,8.1,1.0
1,1,7.1000000000000005,1.0
161,111,6.1000000000000005,4.0
1,0,NaN,NaN
1,0,NaN,NaN
1,0,NaN,NaN
1,0,NaN,NaN
182,127,8.1,7.0
1,1,14.100000000000001,1.0
2,1,14.100000000000001,2.0
1,1,9.1,1.0
1,0,NaN,NaN
1,0,NaN,NaN
1,0,NaN,NaN
1,1,4.1000000000000005,1.0
1,1,9.1,1.0
1,0,NaN,NaN
1,0,NaN,NaN
1,0,NaN,NaN
1,1,9.1,1.0
1,0,NaN,NaN
1,1,3.1,1.0
149,88,5.1000000000000005,2.0
3,1,9.1,3.0
27,9,8.1,7.0
4,1,5.1000000000000005,1.0
167,109,6.1000000000000005,9.0
3,2,13.100000000000001,3.0
2,1,3.1,1.0
1,0,NaN,NaN
3,1,11.100000000000001,3.0
1,0,NaN,NaN
1,1,12.100000000000001,1.0
1,0,NaN,NaN
165,95,5.1000000000000005,5.0
1,1,5.1000000000000005,1.0
13,10,10.100000000000001,5.0
4,1,15.100000000000001,4.0
1,1,8.1,1.0
1,0,NaN,NaN
1,0,NaN,NaN
1,1,9.1,1.0
1,1,8.1,1.0
1,0,NaN,NaN
1,0,NaN,NaN
1,0,NaN,NaN
1,0,NaN,NaN
1,1,5.1000000000000005,1.0
131,79,6.1000000000000005,15.0
4,3,8.1,4.0
1,1,7.1000000000000005,1.0
1,0,NaN,NaN
1,0,NaN,NaN
1,1,5.1000000000000005,1.0
3,0,NaN,NaN
5,4,11.100000000000001,3.0
152,94,7.1000000000000005,1.0
1,1,7.1000000000000005,1.0
1,0,NaN,NaN
1,1,9.1,1.0
146,88,5.1000000000000005,5.0
1,1,4.1000000000000005,1.0
12,5,8.1,6.0
1,0,NaN,NaN
1,0,NaN,NaN
169,98,10.100000000000001,12.0
1,0,NaN,NaN
1,0,NaN,NaN
1,0,NaN,NaN
1,0,NaN,NaN
153,91,7.1000000000000005,32.0
158,93,6.1000000000000005,2.0
1,0,NaN,NaN
4,2,16.1,3.0
2,2,6.1000000000000005,1.0
1,0,NaN,NaN
2,2,5.1000000000000005,2.0
1,1,5.1000000000000005,1.0
1,0,NaN,NaN
149,91,18.1,15.0
1,1,10.100000000000001,1.0
2,1,5.1000000000000005,2.0
169,107,7.1000000000000005,6.0
1,0,NaN,NaN
1,0,NaN,NaN
1,0,NaN,NaN
1,1,6.1000000000000005,1.0
2,1,15.100000000000001,2.0
1,0,NaN,NaN
1,0,NaN,NaN
142,80,5.1000000000000005,5.0
1,1,12.100000000000001,1.0
172,107,6.1000000000000005,8.0
1,0,NaN,NaN
6,5,6.1000000000000005,2.0
1,1,5.1000000000000005,1.0
2,2,8.1,1.0
5,5,4.1000000000000005,3.0
1,1,7.1000000000000005,1.0
3,3,4.1000000000000005,1.0
1,1,7.1000000000000005,1.0
1,1,3.1,1.0
169,104,7.1000000000000005,13.0
2,0,NaN,NaN
1,0,NaN,NaN
176,100,7.1000000000000005,4.0
140,77,5.1000000000000005,3.0
1,1,4.1000000000000005,1.0
1,0,NaN,NaN
171,112,6.1000000000000005,3.0
1,0,NaN,NaN
1,0,NaN,NaN
5,3,3.1,1.0
1,0,NaN,NaN
15,12,8.1,3.0
1,1,13.100000000000001,1.0
1,1,4.1000000000000005,1.0
3,3,7.1000000000000005,2.0
1,1,8.1,1.0
2,1,12.100000000000001,2.0
142,86,3.1,9.0
162,110,9.1,3.0
1,0,NaN,NaN
1,0,NaN,NaN
1,1,6.1000000000000005,1.0
1,0,NaN,NaN
1,0,NaN,NaN
156,104,4.1000000000000005,4.0
156,97,4.1000000000000005,15.0
1,0,NaN,NaN
160,108,5.1000000000000005,5.0
1,1,4.1000000000000005,1.0
12,4,8.1,4.0
181,120,4.1000000000000005,5.0
1,0,NaN,NaN
158,101,10.100000000000001,8.0
1,0,NaN,NaN
2,2,9.1,2.0
171,115,3.1,1.0
1,1,8.1,1.0
124,76,8.1,17.0
1,0,NaN,NaN
1,1,6.1000000000000005,1.0
1,1,6.1000000000000005,1.0
1,0,NaN,NaN
1,1,4.1000000000000005,1.0
2,2,7.1000000000000005,1.0
1,0,NaN,NaN
3,2,6.1000000000000005,2.0
173,117,6.1000000000000005,20.0
1,1,7.1000000000000005,1.0
1,0,NaN,NaN
136,81,8.1,2.0
1,0,NaN,NaN
1,1,12.100000000000001,1.0
1,1,12.100000000000001,1.0
1,1,6.1000000000000005,1.0
1,1,3.1,1.0
1,1,12.100000000000001,1.0
1,0,NaN,NaN
1,1,7.1000000000000005,1.0
7,3,5.1000000000000005,1.0
161,104,5.1000000000000005,5.0
1,0,NaN,NaN
1,1,6.1000000000000005,1.0
1,0,NaN,NaN
3,1,25.1,3.0
184,118,3.1,2.0
1,0,NaN,NaN
10,7,7.1000000000000005,1.0
1,1,8.1,1.0
1,1,10.100000000000001,1.0
1,0,NaN,NaN
1,0,NaN,NaN
1,1,7.1000000000000005,1.0
1,0,NaN,NaN
80,53,5.1000000000000005,3.0
2,1,21.1,2.0
1,0,NaN,NaN
1,1,5.1000000000000005,1.0
1,1,8.1,1.0
1,0,NaN,NaN
3,2,4.1000000000000005,1.0
2,0,NaN,NaN
177,106,13.100000000000001,3.0
1,1,9.1,1.0
1,0,NaN,NaN
1,1,9.1,1.0
175,113,8.1,15.0
162,99,9.1,13.0
1,1,5.1000000000000005,1.0
150,89,12.100000000000001,10.0
1,1,9.1,1.0
1,1,4.1000000000000005,1.0
24,12,6.1000000000000005,5.0
30,10,8.1,6.0
1,1,8.1,1.0
151,93,8.1,8.0
1,1,4.1000000000000005,1.0
1,1,6.1000000000000005,1.0
1,0,NaN,NaN
1,1,10.100000000000001,1.0
1,0,NaN,NaN
1,0,NaN,NaN
1,1,5.1000000000000005,1.0
1,0,NaN,NaN
1,1,8.1,1.0
1,1,5.1000000000000005,1.0
1,1,11.100000000000001,1.0
1,0,NaN,NaN
1,0,NaN,NaN
1,0,NaN,NaN
1,1,6.1000000000000005,1.0
1,1,5.1000000000000005,1.0
1,0,NaN,NaN
1,1,5.1000000000000005,1.0
1,1,6.1000000000000005,1.0
3,3,5.1000000000000005,2.0
1,1,4.1000000000000005,1.0
1,0,NaN,NaN
1,1,7.1000000000000005,1.0
1,0,NaN,NaN
116,76,4.1000000000000005,3.0
1,1,5.1000000000000005,1.0
1,1,5.1000000000000005,1.0
163,97,5.1000000000000005,2.0
76,50,16.1,10.0
1,0,NaN,NaN
1,1,13.100000000000001,1.0
1,1,13.100000000000001,1.0
177,101,10.100000000000001,9.0
1,0,NaN,NaN
1,0,NaN,NaN
1,1,6.1000000000000005,1.0
1,0,NaN,NaN
5,3,3.1,1.0
3,2,6.1000000000000005,1.0
1,1,7.1000000000000005,1.0
1,1,7.1000000000000005,1.0
1,1,9.1,1.0
1,0,NaN,NaN
1,0,NaN,NaN
1,0,NaN,NaN
1,0,NaN,NaN
4,3,8.1,2.0
1,1,8.1,1.0
1,0,NaN,NaN
2,2,5.1000000000000005,1.0
152,88,7.1000000000000005,2.0
1,0,NaN,NaN
1,0,NaN,NaN
1,1,5.1000000000000005,1.0
1,1,7.1000000000000005,1.0
4,3,6.1000000000000005,3.0
2,1,6.1000000000000005,1.0
1,0,NaN,NaN
1,0,NaN,NaN
1,1,13.100000000000001,1.0
106,75,6.1000000000000005,9.0
1,0,NaN,NaN
1,1,4.1000000000000005,1.0
137,77,7.1000000000000005,2.0
1,0,NaN,NaN
3,2,4.1000000000000005,1.0
1,0,NaN,NaN
166,91,13.100000000000001,9.0
1,1,4.1000000000000005,1.0
1,0,NaN,NaN
1,1,8.1,1.0
1,1,4.1000000000000005,1.0
1,1,8.1,1.0
2,1,8.1,2.0
1,1,7.1000000000000005,1.0
1,1,8.1,1.0
68,35,10.100000000000001,15.0
1,1,10.100000000000001,1.0
153,90,14.100000000000001,7.0
1,0,NaN,NaN
1,0,NaN,NaN
1,0,NaN,NaN
1,1,5.1000000000000005,1.0
1,0,NaN,NaN
1,0,NaN,NaN
1,1,12.100000000000001,1.0
1,0,NaN,NaN
1,1,9.1,1.0
1,1,3.1,1.0
1,1,6.1000000000000005,1.0
152,86,10.100000000000001,9.0
149,79,16.1,6.0
1,1,7.1000000000000005,1.0
1,1,9.1,1.0
2,2,7.1000000000000005,2.0
184,115,22.1,5.0
1,1,4.1000000000000005,1.0
1,0,NaN,NaN
1,0,NaN,NaN
7,3,5.1000000000000005,1.0
1,1,10.100000000000001,1.0
1,0,NaN,NaN
186,105,11.100000000000001,25.0
1,1,7.1000000000000005,1.0
135,80,9.1,3.0
135,85,7.1000000000000005,4.0
8,7,14.100000000000001,4.0
1,0,NaN,NaN
1,1,6.1000000000000005,1.0
1,1,10.100000000000001,1.0
1,1,12.100000000000001,1.0
1,1,5.1000000000000005,1.0
168,111,7.1000000000000005,4.0
1,0,NaN,NaN
1,1,6.1000000000000005,1.0
1,1,20.1,1.0
9,6,5.1000000000000005,3.0
1,1,7.1000000000000005,1.0
1,0,NaN,NaN
1,1,4.1000000000000005,1.0
2,1,8.1,2.0
1,1,7.1000000000000005,1.0
4,1,9.1,1.0
1,0,NaN,NaN
66,44,5.1000000000000005,8.0
1,1,3.1,1.0
3,1,4.1000000000000005,2.0
32,15,5.1000000000000005,4.0
1,1,6.1000000000000005,1.0
1,0,NaN,NaN
1,1,5.1000000000000005,1.0
1,0,NaN,NaN
175,107,4.1000000000000005,11.0
1,0,NaN,NaN
1,0,NaN,NaN
1,0,NaN,NaN
173,106,10.100000000000001,34.0
1,1,3.1,1.0
1,1,5.1000000000000005,1.0
1,1,11.100000000000001,1.0
1,0,NaN,NaN
3,1,11.100000000000001,3.0
1,0,NaN,NaN
1,0,NaN,NaN
1,0,NaN,NaN
2,2,10.100000000000001,2.0
1,0,NaN,NaN
1,1,11.100000000000001,1.0
1,0,NaN,NaN
2,2,7.1000000000000005,2.0
1,1,6.1000000000000005,1.0
1,0,NaN,NaN
1,1,6.1000000000000005,1.0
1,0,NaN,NaN
10,4,6.1000000000000005,1.0
1,1,8.1,1.0
72,38,4.1000000000000005,7.0
155,91,19.1,4.0
4,1,12.100000000000001,3.0
2,1,7.1000000000000005,2.0
14,7,8.1,5.0
1,0,NaN,NaN
3,2,6.1000000000000005,1.0
1,1,8.1,1.0
66,41,7.1000000000000005,7.0
5,2,14.100000000000001,4.0
1,1,8.1,1.0
1,0,NaN,NaN
1,0,NaN,NaN
3,3,8.1,1.0
183,99,6.1000000000000005,9.0
126,75,4.1000000000000005,1.0
5,3,7.1000000000000005,1.0
170,100,7.1000000000000005,4.0
150,91,9.1,31.0
151,98,7.1000000000000005,16.0
151,99,6.1000000000000005,6.0
5,4,5.1000000000000005,2.0
161,94,3.1,6.0
193,122,8.1,10.0
1,1,7.1000000000000005,1.0
1,0,NaN,NaN
1,1,6.1000000000000005,1.0
1,1,6.1000000000000005,1.0
2,2,6.1000000000000005,2.0
1,1,8.1,1.0
8,3,12.100000000000001,8.0
1,0,NaN,NaN
1,0,NaN,NaN
1,1,7.1000000000000005,1.0
1,0,NaN,NaN
1,0,NaN,NaN
1,0,NaN,NaN
1,1,7.1000000000000005,1.0
1,0,NaN,NaN
1,0,NaN,NaN
1,0,NaN,NaN
1,0,NaN,NaN
74,45,6.1000000000000005,7.0
1,0,NaN,NaN
1,0,NaN,NaN
1,0,NaN,NaN
159,98,8.1,4.0
18,10,12.100000000000001,5.0
1,1,3.1,1.0
1,0,NaN,NaN
164,103,7.1000000000000005,5.0
1,0,NaN,NaN
1,1,4.1000000000000005,1.0
1,0,NaN,NaN
1,1,4.1000000000000005,1.0
1,0,NaN,NaN
1,1,2.1,1.0
1,1,7.1000000000000005,1.0
1,1,6.1000000000000005,1.0
1,1,7.1000000000000005,1.0
1,0,NaN,NaN
1,0,NaN,NaN
7,4,15.100000000000001,2.0
1,1,13.100000000000001,1.0
1,1,8.1,1.0
42,19,6.1000000000000005,16.0
161,102,10.100000000000001,25.0
1,0,NaN,NaN
1,0,NaN,NaN
1,0,NaN,NaN
1,1,10.100000000000001,1.0
1,0,NaN,NaN
1,0,NaN,NaN
94,60,7.1000000000000005,22.0
1,0,NaN,NaN
3,0,NaN,NaN
181,115,3.1,1.0
170,97,3.1,3.0
158,99,10.100000000000001,5.0
1,1,8.1,1.0
177,107,5.1000000000000005,2.0
33,21,12.100000000000001,14.0
2,0,NaN,NaN
1,0,NaN,NaN
1,1,6.1000000000000005,1.0
179,103,7.1000000000000005,12.0
1,1,6.1000000000000005,1.0
3,2,16.1,3.0
5,4,5.1000000000000005,1.0
174,104,7.1000000000000005,35.0
1,1,6.1000000000000005,1.0
1,1,6.1000000000000005,1.0
1,1,4.1000000000000005,1.0
1,1,6.1000000000000005,1.0
159,95,4.1000000000000005,1.0
1,0,NaN,NaN
94,60,6.1000000000000005,1.0
1,1,9.1,1.0
1,0,NaN,NaN
1,1,8.1,1.0
1,0,NaN,NaN
1,1,3.1,1.0
1,1,3.1,1.0
1,0,NaN,NaN
1,0,NaN,NaN
165,109,7.1000000000000005,33.0
1,1,6.1000000000000005,1.0
3,0,NaN,NaN
146,94,7.1000000000000005,6.0
1,1,8.1,1.0
1,1,8.1,1.0
1,1,7.1000000000000005,1.0
1,1,5.1000000000000005,1.0
162,99,4.1000000000000005,3.0
1,1,7.1000000000000005,1.0
14,10,10.100000000000001,10.0
178,108,8.1,9.0
1,0,NaN,NaN
185,120,11.100000000000001,23.0
1,0,NaN,NaN
1,0,NaN,NaN
1,0,NaN,NaN
1,0,NaN,NaN
1,0,NaN,NaN
1,1,15.100000000000001,1.0
1,1,10.100000000000001,1.0
1,0,NaN,NaN
1,1,6.1000000000000005,1.0
1,0,NaN,NaN
132,81,5.1000000000000005,2.0
1,1,8.1,1.0
1,1,9.1,1.0
22,5,3.1,2.0
1,1,7.1000000000000005,1.0
1,0,NaN,NaN
11,9,2.1,1.0
2,1,17.1,2.0
1,0,NaN,NaN
1,1,9.1,1.0
170,113,7.1000000000000005,4.0
3,0,NaN,NaN
1,0,NaN,NaN
1,1,3.1,1.0
5,2,7.1000000000000005,2.0
1,1,5.1000000000000005,1.0
1,1,5.1000000000000005,1.0
1,0,NaN,NaN
5,3,10.100000000000001,4.0
189,117,7.1000000000000005,3.0
1,1,6.1000000000000005,1.0
162,109,5.1000000000000005,14.0
155,112,14.100000000000001,5.0
1,1,7.1000000000000005,1.0
1,1,9.1,1.0
1,1,7.1000000000000005,1.0
1,1,8.1,1.0
1,1,8.1,1.0
1,0,NaN,NaN
1,1,8.1,1.0
136,89,6.1000000000000005,14.0
157,94,6.1000000000000005,2.0
1,0,NaN,NaN
35,16,5.1000000000000005,14.0
165,113,4.1000000000000005,4.0
1,0,NaN,NaN
4,4,8.1,1.0
1,1,5.1000000000000005,1.0
5,2,12.100000000000001,5.0
1,0,NaN,NaN
1,1,5.1000000000000005,1.0
1,0,NaN,NaN
1,0,NaN,NaN
135,81,13.100000000000001,6.0
1,1,8.1,1.0
1,1,5.1000000000000005,1.0
1,1,4.1000000000000005,1.0
1,0,NaN,NaN
1,0,NaN,NaN
1,0,NaN,NaN
168,102,11.100000000000001,1.0
1,0,NaN,NaN
1,0,NaN,NaN
1,1,4.1000000000000005,1.0
1,1,8.1,1.0
1,0,NaN,NaN
1,1,6.1000000000000005,1.0
167,102,7.1000000000000005,8.0
75,47,7.1000000000000005,3.0
1,1,5.1000000000000005,1.0
1,0,NaN,NaN
1,0,NaN,NaN
1,0,NaN,NaN
1,0,NaN,NaN
1,0,NaN,NaN
150,87,7.1000000000000005,1.0
1,0,NaN,NaN
1,1,8.1,1.0
130,72,6.1000000000000005,3.0
1,0,NaN,NaN
1,0,NaN,NaN
1,1,5.1000000000000005,1.0
1,0,NaN,NaN
169,105,5.1000000000000005,4.0
1,1,9.1,1.0
1,1,6.1000000000000005,1.0
1,1,4.1000000000000005,1.0
1,1,5.1000000000000005,1.0
166,102,5.1000000000000005,1.0
1,0,NaN,NaN
1,1,6.1000000000000005,1.0
1,0,NaN,NaN
17,8,9.1,13.0
6,4,6.1000000000000005,4.0
2,0,NaN,NaN
1,0,NaN,NaN
1,1,7.1000000000000005,1.0
1,0,NaN,NaN
1,0,NaN,NaN
1,0,NaN,NaN
1,1,8.1,1.0
156,102,10.100000000000001,15.0
1,0,NaN,NaN
1,1,5.1000000000000005,1.0
1,0,NaN,NaN
1,1,8.1,1.0
29,21,6.1000000000000005,1.0
1,0,NaN,NaN
1,1,11.100000000000001,1.0
1,0,NaN,NaN
1,1,9.1,1.0
172,113,7.1000000000000005,2.0
1,0,NaN,NaN
1,1,5.1000000000000005,1.0
1,1,8.1,1.0
1,0,NaN,NaN
35,7,14.100000000000001,9.0
1,1,6.1000000000000005,1.0
1,1,3.1,1.0
154,97,5.1000000000000005,7.0
1,1,6.1000000000000005,1.0
1,0,NaN,NaN
1,1,4.1000000000000005,1.0
138,86,6.1000000000000005,3.0
1,0,NaN,NaN
1,0,NaN,NaN
1,1,5.1000000000000005,1.0
6,3,4.1000000000000005,2.0
50,26,10.100000000000001,2.0
1,0,NaN,NaN
186,108,8.1,16.0
1,1,6.1000000000000005,1.0
1,1,9.1,1.0
4,1,20.1,4.0
1,0,NaN,NaN
1,1,7.1000000000000005,1.0
16,9,8.1,6.0
1,1,5.1000000000000005,1.0
1,0,NaN,NaN
1,0,NaN,NaN
1,0,NaN,NaN
2,1,22.1,2.0
4,2,4.1000000000000005,2.0
1,0,NaN,NaN
1,1,5.1000000000000005,1.0
1,0,NaN,NaN
1,1,10.100000000000001,1.0
47,28,7.1000000000000005,2.0
1,1,5.1000000000000005,1.0
1,0,NaN,NaN
1,1,10.100000000000001,1.0
1,1,8.1,1.0
180,104,4.1000000000000005,2.0
168,110,14.100000000000001,3.0
1,1,7.1000000000000005,1.0
1,0,NaN,NaN
1,0,NaN,NaN
1,0,NaN,NaN
1,0,NaN,NaN
180,110,9.1,3.0
1,1,10.100000000000001,1.0
1,0,NaN,NaN
155,96,11.100000000000001,2.0
1,1,13.100000000000001,1.0
1,1,5.1000000000000005,1.0
1,0,NaN,NaN
176,114,6.1000000000000005,3.0
1,1,4.1000000000000005,1.0
3,2,9.1,3.0
1,0,NaN,NaN
1,0,NaN,NaN
1,1,10.100000000000001,1.0
1,0,NaN,NaN
1,1,5.1000000000000005,1.0
130,78,7.1000000000000005,8.0
1,1,4.1000000000000005,1.0
1,0,NaN,NaN
144,95,11.100000000000001,7.0
169,91,9.1,13.0
1,0,NaN,NaN
1,0,NaN,NaN
1,0,NaN,NaN
1,1,13.100000000000001,1.0
149,102,5.1000000000000005,8.0
1,0,NaN,NaN
189,111,5.1000000000000005,8.0
1,0,NaN,NaN
1,1,6.1000000000000005,1.0
1,0,NaN,NaN
136,80,9.1,7.0
156,105,13.100000000000001,9.0
1,1,4.1000000000000005,1.0
65,44,12.100000000000001,10.0
1,0,NaN,NaN
183,119,14.100000000000001,22.0
151,92,7.1000000000000005,8.0
170,108,13.100000000000001,4.0
1,1,3.1,1.0
1,0,NaN,NaN
1,0,NaN,NaN
1,1,6.1000000000000005,1.0
1,1,7.1000000000000005,1.0
1,1,8.1,1.0
1,0,NaN,NaN
5,2,9.1,4.0
1,1,7.1000000000000005,1.0
1,0,NaN,NaN
1,1,3.1,1.0
1,0,NaN,NaN
1,0,NaN,NaN
5,2,18.1,5.0
16,9,6.1000000000000005,6.0
3,0,NaN,NaN
1,1,13.100000000000001,1.0
1,1,11.100000000000001,1.0
1,0,NaN,NaN
1,1,8.1,1.0
1,1,8.1,1.0
2,2,7.1000000000000005,1.0
1,1,4.1000000000000005,1.0
5,2,5.1000000000000005,2.0
3,1,32.1,3.0
1,0,NaN,NaN
1,0,NaN,NaN
135,81,15.100000000000001,6.0
1,1,7.1000000000000005,1.0
1,1,4.1000000000000005,1.0
182,104,7.1000000000000005,45.0
1,0,NaN,NaN
3,2,7.1000000000000005,3.0
1,1,6.1000000000000005,1.0
1,1,3.1,1.0
1,0,NaN,NaN
90,52,5.1000000000000005,2.0
1,0,NaN,NaN
1,1,8.1,1.0
1,1,9.1,1.0
135,82,6.1000000000000005,7.0
10,6,10.100000000000001,3.0
1,0,NaN,NaN
161,92,8.1,2.0
171,107,3.1,1.0
162,94,14.100000000000001,9.0
1,0,NaN,NaN
1,1,13.100000000000001,1.0
168,118,10.100000000000001,6.0
1,0,NaN,NaN
1,1,5.1000000000000005,1.0
1,0,NaN,NaN
1,0,NaN,NaN
1,0,NaN,NaN
1,1,13.100000000000001,1.0
1,0,NaN,NaN
1,1,4.1000000000000005,1.0
1,0,NaN,NaN
1,0,NaN,NaN
121,70,5.1000000000000005,2.0
157,100,4.1000000000000005,4.0
1,1,4.1000000000000005,1.0
1,1,4.1000000000000005,1.0
1,0,NaN,NaN
148,89,10.100000000000001,16.0
1,1,10.100000000000001,1.0
6,2,17.1,4.0
1,1,9.1,1.0
1,0,NaN,NaN
139,88,6.1000000000000005,6.0
173,108,7.1000000000000005,1.0
1,1,6.1000000000000005,1.0
1,0,NaN,NaN
2,2,5.1000000000000005,2.0
159,100,5.1000000000000005,12.0
1,0,NaN,NaN
135,81,7.1000000000000005,9.0
2,0,NaN,NaN
146,89,7.1000000000000005,14.0
1,1,8.1,1.0
1,1,6.1000000000000005,1.0
1,0,NaN,NaN
2,2,5.1000000000000005,1.0
1,1,5.1000000000000005,1.0
1,0,NaN,NaN
102,61,7.1000000000000005,14.0
1,0,NaN,NaN
157,103,10.100000000000001,2.0
1,0,NaN,NaN
165,100,7.1000000000000005,2.0
2,1,4.1000000000000005,1.0
1,0,NaN,NaN
1,0,NaN,NaN
147,84,8.1,8.0
165,101,2.1,5.0
1,0,NaN,NaN
1,1,4.1000000000000005,1.0
129,88,4.1000000000000005,28.0
1,1,14.100000000000001,1.0
1,1,6.1000000000000005,1.0
1,1,5.1000000000000005,1.0
1,0,NaN,NaN
1,0,NaN,NaN
152,94,8.1,36.0
1,0,NaN,NaN
119,70,6.1000000000000005,10.0
5,4,4.1000000000000005,2.0
1,1,6.1000000000000005,1.0
1,0,NaN,NaN
120,80,9.1,7.0
2,0,NaN,NaN
1,1,5.1000000000000005,1.0
1,1,7.1000000000000005,1.0
1,1,13.100000000000001,1.0
24,17,9.1,9.0
1,1,6.1000000000000005,1.0
1,1,5.1000000000000005,1.0
1,0,NaN,NaN
1,1,5.1000000000000005,1.0
1,1,9.1,1.0
1,0,NaN,NaN
1,1,9.1,1.0
1,1,12.100000000000001,1.0
1,0,NaN,NaN
1,0,NaN,NaN
1,1,14.100000000000001,1.0
1,1,4.1000000000000005,1.0
1,0,NaN,NaN
1,0,NaN,NaN
183,117,10.100000000000001,23.0
1,0,NaN,NaN
154,87,6.1000000000000005,5.0
6,1,20.1,6.0
1,1,7.1000000000000005,1.0
1,1,10.100000000000001,1.0
163,107,5.1000000000000005,6.0
1,1,6.1000000000000005,1.0
1,0,NaN,NaN
1,1,2.1,1.0
2,2,5.1000000000000005,1.0
3,0,NaN,NaN
1,0,NaN,NaN
5,1,13.100000000000001,3.0
154,106,7.1000000000000005,9.0
1,1,9.1,1.0
150,86,10.100000000000001,4.0
1,1,7.1000000000000005,1.0
166,101,6.1000000000000005,2.0
1,1,8.1,1.0
1,0,NaN,NaN
1,0,NaN,NaN
1,0,NaN,NaN
5,2,14.100000000000001,5.0
1,1,7.1000000000000005,1.0
2,0,NaN,NaN
2,1,15.100000000000001,2.0
170,105,12.100000000000001,6.0
2,2,8.1,2.0
188,119,9.1,13.0
185,130,5.1000000000000005,4.0
1,1,7.1000000000000005,1.0
177,106,9.1,24.0
1,1,5.1000000000000005,1.0
1,1,7.1000000000000005,1.0
1,0,NaN,NaN
1,1,7.1000000000000005,1.0
1,0,NaN,NaN
106,46,5.1000000000000005,7.0
1,0,NaN,NaN
1,0,NaN,NaN
1,1,6.1000000000000005,1.0
1,1,8.1,1.0
176,109,8.1,1.0
1,0,NaN,NaN
1,1,4.1000000000000005,1.0
146,98,5.1000000000000005,11.0
1,1,6.1000000000000005,1.0
179,117,7.1000000000000005,7.0
4,3,15.100000000000001,2.0
5,1,14.100000000000001,3.0
5,3,15.100000000000001,3.0
1,1,7.1000000000000005,1.0
184,120,6.1000000000000005,17.0
1,1,7.1000000000000005,1.0
1,0,NaN,NaN
157,92,6.1000000000000005,22.0
165,109,7.1000000000000005,4.0
1,1,2.1,1.0
6,1,15.100000000000001,6.0
99,66,6.1000000000000005,3.0
1,1,8.1,1.0
157,92,9.1,9.0
1,0,NaN,NaN
6,3,14.100000000000001,3.0
1,1,7.1000000000000005,1.0
2,2,6.1000000000000005,1.0
2,0,NaN,NaN
1,1,8.1,1.0
39,27,7.1000000000000005,4.0
129,74,11.100000000000001,4.0
1,0,NaN,NaN
1,1,8.1,1.0
5,4,6.1000000000000005,1.0
2,2,9.1,1.0
16,10,7.1000000000000005,2.0
1,0,NaN,NaN
1,1,6.1000000000000005,1.0
1,1,7.1000000000000005,1.0
1,0,NaN,NaN
1,1,14.100000000000001,1.0
1,1,4.1000000000000005,1.0
1,1,3.1,1.0
1,1,10.100000000000001,1.0
1,1,9.1,1.0
1,1,8.1,1.0
1,0,NaN,NaN
1,0,NaN,NaN
1,1,6.1000000000000005,1.0
1,0,NaN,NaN
1,0,NaN,NaN
176,99,6.1000000000000005,5.0
1,0,NaN,NaN
183,120,13.100000000000001,24.0
2,1,15.100000000000001,2.0
4,2,3.1,1.0
1,1,13.100000000000001,1.0
1,1,7.1000000000000005,1.0
1,1,6.1000000000000005,1.0
1,1,6.1000000000000005,1.0
5,4,14.100000000000001,5.0
1,0,NaN,NaN
1,1,6.1000000000000005,1.0
6,4,10.100000000000001,2.0
1,0,NaN,NaN
1,1,7.1000000000000005,1.0
1,0,NaN,NaN
1,1,6.1000000000000005,1.0
1,1,7.1000000000000005,1.0
1,0,NaN,NaN
1,0,NaN,NaN
1,1,6.1000000000000005,1.0
1,1,8.1,1.0
1,1,6.1000000000000005,1.0
1,1,5.1000000000000005,1.0
181,123,6.1000000000000005,4.0
1,1,7.1000000000000005,1.0
2,1,14.100000000000001,2.0
1,1,8.1,1.0
2,2,3.1,1.0
4,2,7.1000000000000005,3.0
1,1,3.1,1.0
1,1,7.1000000000000005,1.0
1,1,4.1000000000000005,1.0
36,17,9.1,1.0
1,0,NaN,NaN
1,0,NaN,NaN
1,1,6.1000000000000005,1.0
1,1,9.1,1.0
1,1,7.1000000000000005,1.0
2,0,NaN,NaN
1,1,3.1,1.0
2,0,NaN,NaN
173,115,9.1,14.0
1,1,6.1000000000000005,1.0
1,0,NaN,NaN
169,96,7.1000000000000005,7.0
1,1,5.1000000000000005,1.0
1,1,5.1000000000000005,1.0
1,0,NaN,NaN
3,2,10.100000000000001,3.0
1,1,6.1000000000000005,1.0
1,0,NaN,NaN
2,0,NaN,NaN
1,0,NaN,NaN
1,1,7.1000000000000005,1.0
1,1,11.100000000000001,1.0
1,0,NaN,NaN
1,0,NaN,NaN
2,1,16.1,2.0
5,3,10.100000000000001,2.0
1,0,NaN,NaN
2,1,4.1000000000000005,1.0
1,1,10.100000000000001,1.0
1,1,22.1,1.0
1,1,4.1000000000000005,1.0
150,88,6.1000000000000005,27.0
3,1,9.1,3.0
1,0,NaN,NaN
178,109,11.100000000000001,5.0
1,1,6.1000000000000005,1.0
1,0,NaN,NaN
177,106,7.1000000000000005,3.0
1,0,NaN,NaN
1,1,7.1000000000000005,1.0
1,0,NaN,NaN
146,95,5.1000000000000005,5.0
1,1,10.100000000000001,1.0
141,83,9.1,8.0
1,0,NaN,NaN
4,3,6.1000000000000005,1.0
1,0,NaN,NaN
182,109,6.1000000000000005,2.0
1,0,NaN,NaN
1,0,NaN,NaN
131,72,9.1,2.0
8,4,7.1000000000000005,8.0
3,2,15.100000000000001,3.0
1,0,NaN,NaN
1,1,6.1000000000000005,1.0
1,1,4.1000000000000005,1.0
1,0,NaN,NaN
1,1,4.1000000000000005,1.0
32,18,5.1000000000000005,2.0
1,1,3.1,1.0
145,90,5.1000000000000005,3.0
1,1,4.1000000000000005,1.0
156,95,12.100000000000001,7.0
1,0,NaN,NaN
2,1,14.100000000000001,2.0
177,114,3.1,21.0
40,21,7.1000000000000005,1.0
1,1,10.100000000000001,1.0
88,57,10.100000000000001,4.0
1,1,4.1000000000000005,1.0
172,110,6.1000000000000005,7.0
1,1,7.1000000000000005,1.0
172,115,8.1,25.0
1,1,7.1000000000000005,1.0
1,1,7.1000000000000005,1.0
166,99,8.1,7.0
164,113,6.1000000000000005,21.0
1,1,9.1,1.0
145,77,4.1000000000000005,1.0
1,0,NaN,NaN
1,1,6.1000000000000005,1.0
178,107,5.1000000000000005,2.0
1,1,8.1,1.0
1,1,15.100000000000001,1.0
1,1,14.100000000000001,1.0
1,1,8.1,1.0
1,1,8.1,1.0
167,104,6.1000000000000005,4.0
1,1,7.1000000000000005,1.0
162,110,6.1000000000000005,17.0
1,1,6.1000000000000005,1.0
1,0,NaN,NaN
8,6,4.1000000000000005,2.0
1,1,6.1000000000000005,1.0
172,101,7.1000000000000005,20.0
1,1,4.1000000000000005,1.0
173,115,6.1000000000000005,2.0
6,5,9.1,2.0
1,0,NaN,NaN
124,87,5.1000000000000005,1.0
17,11,3.1,1.0
1,0,NaN,NaN
1,0,NaN,NaN
1,1,7.1000000000000005,1.0
1,1,8.1,1.0
25,14,8.1,16.0
1,1,4.1000000000000005,1.0
158,101,5.1000000000000005,3.0
1,0,NaN,NaN
139,77,12.100000000000001,4.0
159,93,9.1,20.0
2,1,13.100000000000001,2.0
1,1,10.100000000000001,1.0
12,6,17.1,4.0
1,0,NaN,NaN
1,1,8.1,1.0
1,1,10.100000000000001,1.0
9,7,10.100000000000001,4.0
44,30,18.1,15.0
150,85,5.1000000000000005,4.0
1,1,18.1,1.0
1,1,8.1,1.0
3,3,8.1,3.0
1,0,NaN,NaN
1,0,NaN,NaN
1,1,5.1000000000000005,1.0
142,88,5.1000000000000005,12.0
1,1,5.1000000000000005,1.0
1,1,12.100000000000001,1.0
75,52,9.1,4.0
191,117,6.1000000000000005,5.0
1,1,5.1000000000000005,1.0
1,1,4.1000000000000005,1.0
1,0,NaN,NaN
5,4,7.1000000000000005,3.0
1,0,NaN,NaN
2,2,7.1000000000000005,2.0
1,1,10.100000000000001,1.0
1,0,NaN,NaN
1,1,5.1000000000000005,1.0
1,1,5.1000000000000005,1.0
1,1,5.1000000000000005,1.0
10,4,6.1000000000000005,3.0
1,0,NaN,NaN
1,1,4.1000000000000005,1.0
144,98,7.1000000000000005,5.0
14,11,7.1000000000000005,2.0
18,11,8.1,10.0
143,87,3.1,3.0
169,106,8.1,1.0
1,1,14.100000000000001,1.0
3,2,7.1000000000000005,2.0
1,1,7.1000000000000005,1.0
3,2,2.1,1.0
1,1,6.1000000000000005,1.0
1,0,NaN,NaN
4,3,8.1,2.0
1,0,NaN,NaN
1,1,4.1000000000000005,1.0
1,1,24.1,1.0
2,1,22.1,2.0
13,6,8.1,6.0
2,1,15.100000000000001,2.0
180,109,5.1000000000000005,1.0
1,1,7.1000000000000005,1.0
1,0,NaN,NaN
1,0,NaN,NaN
1,0,NaN,NaN
1,0,NaN,NaN
131,81,4.1000000000000005,1.0
7,3,6.1000000000000005,2.0
5,1,20.1,5.0
1,1,4.1000000000000005,1.0
168,102,9.1,26.0
4,3,23.1,4.0
1,0,NaN,NaN
1,0,NaN,NaN
155,102,4.1000000000000005,2.0
9,2,3.1,2.0
1,0,NaN,NaN
159,93,8.1,19.0
1,1,10.100000000000001,1.0
181,111,5.1000000000000005,10.0
134,89,8.1,11.0
141,88,6.1000000000000005,11.0
1,0,NaN,NaN
1,1,8.1,1.0
1,0,NaN,NaN
7,3,11.100000000000001,3.0
2,2,8.1,1.0
1,0,NaN,NaN
2,0,NaN,NaN
1,1,7.1000000000000005,1.0
1,1,7.1000000000000005,1.0
1,1,9.1,1.0
21,8,9.1,2.0
112,72,8.1,24.0
1,0,NaN,NaN
1,1,7.1000000000000005,1.0
1,1,4.1000000000000005,1.0
145,92,13.100000000000001,3.0
1,1,10.100000000000001,1.0
1,1,8.1,1.0
1,0,NaN,NaN
1,0,NaN,NaN
1,1,4.1000000000000005,1.0
1,0,NaN,NaN
1,0,NaN,NaN
1,0,NaN,NaN
1,0,NaN,NaN
1,0,NaN,NaN
1,1,7.1000000000000005,1.0
167,109,25.1,28.0
1,1,7.1000000000000005,1.0
1,0,NaN,NaN
1,1,7.1000000000000005,1.0
3,2,6.1000000000000005,3.0
1,0,NaN,NaN
1,1,8.1,1.0
1,1,8.1,1.0
4,2,6.1000000000000005,3.0
1,0,NaN,NaN
179,116,4.1000000000000005,1.0
1,0,NaN,NaN
1,1,4.1000000000000005,1.0
1,0,NaN,NaN
1,0,NaN,NaN
5,5,7.1000000000000005,2.0
1,0,NaN,NaN
169,116,8.1,2.0
2,1,17.1,2.0
1,1,6.1000000000000005,1.0
1,0,NaN,NaN
1,0,NaN,NaN
1,0,NaN,NaN
98,60,9.1,11.0
1,1,9.1,1.0
1,0,NaN,NaN
1,0,NaN,NaN
10,6,10.100000000000001,2.0
155,98,6.1000000000000005,4.0
1,1,7.1000000000000005,1.0
7,2,8.1,6.0
1,0,NaN,NaN
1,0,NaN,NaN
1,0,NaN,NaN
1,1,7.1000000000000005,1.0
1,1,8.1,1.0
1,1,7.1000000000000005,1.0
1,0,NaN,NaN
1,0,NaN,NaN
152,92,6.1000000000000005,3.0
1,1,15.100000000000001,1.0
1,1,12.100000000000001,1.0
179,116,4.1000000000000005,1.0
174,101,4.1000000000000005,11.0
153,91,4.1000000000000005,5.0
1,0,NaN,NaN
1,0,NaN,NaN
1,1,5.1000000000000005,1.0
1,1,3.1,1.0
1,1,6.1000000000000005,1.0
1,1,7.1000000000000005,1.0
1,0,NaN,NaN
1,0,NaN,NaN
165,93,3.1,3.0
1,0,NaN,NaN
178,116,13.100000000000001,5.0
1,1,6.1000000000000005,1.0
3,3,8.1,2.0
1,1,4.1000000000000005,1.0
178,114,3.1,2.0
1,1,8.1,1.0
1,0,NaN,NaN
134,73,10.100000000000001,2.0
1,1,10.100000000000001,1.0
1,1,9.1,1.0
1,0,NaN,NaN
1,0,NaN,NaN
1,1,4.1000000000000005,1.0
1,0,NaN,NaN
1,1,4.1000000000000005,1.0
1,0,NaN,NaN
1,1,4.1000000000000005,1.0
1,1,5.1000000000000005,1.0
1,0,NaN,NaN
164,101,7.1000000000000005,5.0
1,1,8.1,1.0
1,0,NaN,NaN
192,125,7.1000000000000005,28.0
1,1,3.1,1.0
59,33,6.1000000000000005,1.0
154,105,6.1000000000000005,8.0
1,0,NaN,NaN
148,94,6.1000000000000005,1.0
1,1,3.1,1.0
2,1,10.100000000000001,2.0
173,109,6.1000000000000005,12.0
149,95,14.100000000000001,6.0
1,0,NaN,NaN
1,0,NaN,NaN
1,1,4.1000000000000005,1.0
109,59,18.1,3.0
1,1,7.1000000000000005,1.0
9,7,7.1000000000000005,3.0
133,77,3.1,7.0
1,1,6.1000000000000005,1.0
30,15,7.1000000000000005,2.0
154,95,15.100000000000001,3.0
1,1,10.100000000000001,1.0
156,106,8.1,6.0
2,1,13.100000000000001,2.0
5,4,4.1000000000000005,2.0
1,0,NaN,NaN
1,1,14.100000000000001,1.0
166,97,15.100000000000001,18.0
172,100,9.1,2.0
1,0,NaN,NaN
1,1,5.1000000000000005,1.0
1,0,NaN,NaN
1,1,9.1,1.0
1,0,NaN,NaN
173,101,13.100000000000001,5.0
1,0,NaN,NaN
3,3,6.1000000000000005,3.0
1,0,NaN,NaN
3,3,7.1000000000000005,3.0
1,0,NaN,NaN
3,1,7.1000000000000005,2.0
152,99,6.1000000000000005,7.0
137,85,8.1,6.0
1,1,7.1000000000000005,1.0
1,0,NaN,NaN
1,1,7.1000000000000005,1.0
169,109,6.1000000000000005,12.0
1,0,NaN,NaN
3,1,10.100000000000001,3.0
1,1,6.1000000000000005,1.0
1,1,7.1000000000000005,1.0
5,3,8.1,5.0
1,0,NaN,NaN
1,1,7.1000000000000005,1.0
1,0,NaN,NaN
1,1,14.100000000000001,1.0
1,0,NaN,NaN
1,0,NaN,NaN
1,1,10.100000000000001,1.0
1,0,NaN,NaN
157,97,8.1,6.0
1,0,NaN,NaN
3,2,8.1,2.0
1,1,10.100000000000001,1.0
1,1,5.1000000000000005,1.0
1,1,6.1000000000000005,1.0
158,95,6.1000000000000005,14.0
1,1,7.1000000000000005,1.0
1,1,6.1000000000000005,1.0
1,1,4.1000000000000005,1.0
174,104,7.1000000000000005,6.0
11,3,6.1000000000000005,4.0
1,0,NaN,NaN
1,1,6.1000000000000005,1.0
3,1,13.100000000000001,3.0
4,2,15.100000000000001,2.0
8,3,5.1000000000000005,3.0
129,84,4.1000000000000005,3.0
80,51,8.1,30.0
153,87,12.100000000000001,6.0
4,1,5.1000000000000005,1.0
1,0,NaN,NaN
1,1,3.1,1.0
167,93,8.1,8.0
178,111,5.1000000000000005,5.0
1,1,8.1,1.0
1,1,6.1000000000000005,1.0
140,75,7.1000000000000005,3.0
1,0,NaN,NaN
11,9,10.100000000000001,4.0
2,0,NaN,NaN
7,1,13.100000000000001,7.0
127,84,5.1000000000000005,1.0
103,53,5.1000000000000005,1.0
3,1,14.100000000000001,3.0
181,112,7.1000000000000005,11.0
128,76,27.1,13.0
1,0,NaN,NaN
1,1,7.1000000000000005,1.0
1,0,NaN,NaN
1,1,7.1000000000000005,1.0
1,1,10.100000000000001,1.0
4,3,5.1000000000000005,3.0
7,5,7.1000000000000005,1.0
141,87,4.1000000000000005,4.0
1,1,14.100000000000001,1.0
1,0,NaN,NaN
4,3,15.100000000000001,3.0
1,0,NaN,NaN
1,1,4.1000000000000005,1.0
1,0,NaN,NaN
52,39,9.1,8.0
1,0,NaN,NaN
1,1,6.1000000000000005,1.0
1,1,5.1000000000000005,1.0
1,1,13.100000000000001,1.0
2,1,6.1000000000000005,2.0
147,85,5.1000000000000005,12.0
1,0,NaN,NaN
181,99,6.1000000000000005,1.0
1,0,NaN,NaN
182,106,6.1000000000000005,6.0
1,1,4.1000000000000005,1.0
28,15,9.1,6.0
163,98,11.100000000000001,5.0
1,0,NaN,NaN
1,0,NaN,NaN
1,0,NaN,NaN
1,0,NaN,NaN
1,0,NaN,NaN
2,1,7.1000000000000005,2.0
161,102,5.1000000000000005,11.0
1,1,8.1,1.0
1,1,7.1000000000000005,1.0
1,1,5.1000000000000005,1.0
6,3,8.1,4.0
1,0,NaN,NaN
156,106,8.1,3.0
1,1,6.1000000000000005,1.0
133,85,7.1000000000000005,10.0
2,2,6.1000000000000005,1.0
75,43,8.1,17.0
2,1,12.100000000000001,2.0
2,1,17.1,2.0
1,1,7.1000000000000005,1.0
21,10,12.100000000000001,10.0
1,1,7.1000000000000005,1.0
1,0,NaN,NaN
4,2,13.100000000000001,4.0
1,1,5.1000000000000005,1.0
1,0,NaN,NaN
146,93,9.1,13.0
1,0,NaN,NaN
1,0,NaN,NaN
1,0,NaN,NaN
1,1,5.1000000000000005,1.0
38,24,7.1000000000000005,5.0
1,1,5.1000000000000005,1.0
1,0,NaN,NaN
2,2,5.1000000000000005,2.0
1,1,6.1000000000000005,1.0
144,89,4.1000000000000005,2.0
1,1,5.1000000000000005,1.0
151,98,14.100000000000001,7.0
1,1,5.1000000000000005,1.0
1,1,9.1,1.0
2,0,NaN,NaN
1,1,4.1000000000000005,1.0
2,2,5.1000000000000005,2.0
1,1,8.1,1.0
2,1,5.1000000000000005,2.0
1,0,NaN,NaN
5,4,10.100000000000001,5.0
189,116,12.100000000000001,8.0
1,1,4.1000000000000005,1.0
1,1,6.1000000000000005,1.0
1,0,NaN,NaN
1,1,7.1000000000000005,1.0
1,0,NaN,NaN
1,1,7.1000000000000005,1.0
5,4,3.1,2.0
1,1,6.1000000000000005,1.0
1,1,5.1000000000000005,1.0
169,114,4.1000000000000005,3.0
1,1,4.1000000000000005,1.0
1,1,9.1,1.0
1,0,NaN,NaN
1,0,NaN,NaN
1,1,5.1000000000000005,1.0
3,1,9.1,2.0
173,96,6.1000000000000005,2.0
3,1,14.100000000000001,3.0
5,4,9.1,3.0
1,1,14.100000000000001,1.0
1,0,NaN,NaN
1,1,5.1000000000000005,1.0
1,1,3.1,1.0
1,0,NaN,NaN
1,1,5.1000000000000005,1.0
2,0,NaN,NaN
2,0,NaN,NaN
1,0,NaN,NaN
1,0,NaN,NaN
1,0,NaN,NaN
10,9,4.1000000000000005,2.0
1,1,3.1,1.0
1,0,NaN,NaN
1,0,NaN,NaN
144,84,18.1,12.0
181,115,16.1,6.0
1,0,NaN,NaN
1,0,NaN,NaN
154,107,9.1,18.0
2,0,NaN,NaN
1,1,5.1000000000000005,1.0
7,4,8.1,6.0
1,0,NaN,NaN
1,1,9.1,1.0
156,88,14.100000000000001,10.0
1,0,NaN,NaN
157,104,5.1000000000000005,5.0
172,106,8.1,7.0
1,1,6.1000000000000005,1.0
1,1,7.1000000000000005,1.0
155,85,4.1000000000000005,13.0
1,0,NaN,NaN
1,0,NaN,NaN
84,47,8.1,12.0
1,0,NaN,NaN
1,0,NaN,NaN
12,7,11.100000000000001,6.0
1,1,17.1,1.0
1,0,NaN,NaN
27,16,7.1000000000000005,10.0
1,0,NaN,NaN
1,1,15.100000000000001,1.0
1,1,5.1000000000000005,1.0
162,105,13.100000000000001,9.0
1,1,7.1000000000000005,1.0
1,1,4.1000000000000005,1.0
3,2,5.1000000000000005,1.0
1,0,NaN,NaN
1,1,4.1000000000000005,1.0
1,1,7.1000000000000005,1.0
1,0,NaN,NaN
1,1,7.1000000000000005,1.0
1,0,NaN,NaN
1,1,7.1000000000000005,1.0
1,1,7.1000000000000005,1.0
16,9,5.1000000000000005,2.0
2,0,NaN,NaN
1,1,7.1000000000000005,1.0
1,1,7.1000000000000005,1.0
2,0,NaN,NaN
1,0,NaN,NaN
1,1,13.100000000000001,1.0
1,0,NaN,NaN
1,1,6.1000000000000005,1.0
1,1,8.1,1.0
1,0,NaN,NaN
1,1,7.1000000000000005,1.0
3,2,14.100000000000001,3.0
4,1,5.1000000000000005,1.0
1,0,NaN,NaN
1,1,4.1000000000000005,1.0
1,0,NaN,NaN
2,1,7.1000000000000005,1.0
5,4,6.1000000000000005,2.0
1,0,NaN,NaN
1,1,4.1000000000000005,1.0
1,1,7.1000000000000005,1.0
1,0,NaN,NaN
1,0,NaN,NaN
1,0,NaN,NaN
1,0,NaN,NaN
174,104,9.1,2.0
183,102,14.100000000000001,10.0
3,2,4.1000000000000005,2.0
1,1,8.1,1.0
142,82,6.1000000000000005,1.0
34,21,7.1000000000000005,4.0
1,0,NaN,NaN
1,0,NaN,NaN
1,1,6.1000000000000005,1.0
1,0,NaN,NaN
1,1,3.1,1.0
2,2,4.1000000000000005,2.0
1,0,NaN,NaN
1,1,5.1000000000000005,1.0
1,0,NaN,NaN
177,109,3.1,2.0
1,0,NaN,NaN
148,92,5.1000000000000005,13.0
1,1,10.100000000000001,1.0
1,0,NaN,NaN
168,104,8.1,21.0
5,1,13.100000000000001,3.0
126,86,14.100000000000001,7.0
1,1,5.1000000000000005,1.0
1,1,11.100000000000001,1.0
1,1,7.1000000000000005,1.0
1,1,7.1000000000000005,1.0
2,1,6.1000000000000005,1.0
1,0,NaN,NaN
3,1,12.100000000000001,3.0
1,0,NaN,NaN
1,1,7.1000000000000005,1.0
1,1,4.1000000000000005,1.0
1,1,14.100000000000001,1.0
1,1,14.100000000000001,1.0
1,0,NaN,NaN
171,119,7.1000000000000005,1.0
179,114,5.1000000000000005,2.0
1,1,5.1000000000000005,1.0
22,10,7.1000000000000005,5.0
1,1,8.1,1.0
1,0,NaN,NaN
1,1,15.100000000000001,1.0
1,1,10.100000000000001,1.0
1,1,4.1000000000000005,1.0
142,91,12.100000000000001,9.0
153,91,5.1000000000000005,3.0
7,3,16.1,7.0
1,0,NaN,NaN
1,0,NaN,NaN
1,1,7.1000000000000005,1.0
160,108,6.1000000000000005,1.0
1,0,NaN,NaN
2,2,3.1,1.0
5,2,12.100000000000001,5.0
1,1,3.1,1.0
4,0,NaN,NaN
1,0,NaN,NaN
1,1,4.1000000000000005,1.0
1,1,10.100000000000001,1.0
1,0,NaN,NaN
1,0,NaN,NaN
1,1,6.1000000000000005,1.0
1,0,NaN,NaN
1,1,7.1000000000000005,1.0
1,1,5.1000000000000005,1.0
5,4,4.1000000000000005,3.0
2,1,15.100000000000001,2.0
1,1,7.1000000000000005,1.0
2,1,6.1000000000000005,1.0
3,1,16.1,3.0
2,1,8.1,2.0
22,13,9.1,11.0
3,2,7.1000000000000005,2.0
1,1,6.1000000000000005,1.0
1,1,5.1000000000000005,1.0
1,0,NaN,NaN
7,4,4.1000000000000005,2.0
116,72,6.1000000000000005,3.0
1,0,NaN,NaN
2,2,6.1000000000000005,1.0
46,16,8.1,1.0
1,0,NaN,NaN
159,91,4.1000000000000005,5.0
1,1,8.1,1.0
1,0,NaN,NaN
1,1,7.1000000000000005,1.0
1,1,8.1,1.0
1,0,NaN,NaN
1,1,4.1000000000000005,1.0
1,1,3.1,1.0
1,1,13.100000000000001,1.0
1,0,NaN,NaN
148,92,6.1000000000000005,8.0
1,0,NaN,NaN
1,0,NaN,NaN
1,1,8.1,1.0
1,0,NaN,NaN
1,1,10.100000000000001,1.0
170,108,7.1000000000000005,3.0
1,0,NaN,NaN
1,0,NaN,NaN
1,0,NaN,NaN
1,0,NaN,NaN
160,102,4.1000000000000005,10.0
1,1,17.1,1.0
1,0,NaN,NaN
1,1,4.1000000000000005,1.0
189,122,14.100000000000001,6.0
1,1,5.1000000000000005,1.0
2,0,NaN,NaN
1,1,12.100000000000001,1.0
1,1,4.1000000000000005,1.0
2,0,NaN,NaN
1,0,NaN,NaN
1,1,4.1000000000000005,1.0
1,1,7.1000000000000005,1.0
1,0,NaN,NaN
1,0,NaN,NaN
1,0,NaN,NaN
180,111,7.1000000000000005,19.0
1,1,12.100000000000001,1.0
124,72,8.1,11.0
1,0,NaN,NaN
4,4,9.1,2.0
1,1,7.1000000000000005,1.0
1,0,NaN,NaN
1,1,6.1000000000000005,1.0
1,0,NaN,NaN
1,1,4.1000000000000005,1.0
1,1,9.1,1.0
1,1,6.1000000000000005,1.0
1,1,6.1000000000000005,1.0
2,1,6.1000000000000005,1.0
8,6,7.1000000000000005,3.0
1,0,NaN,NaN
3,1,9.1,3.0
1,0,NaN,NaN
3,2,7.1000000000000005,3.0
1,0,NaN,NaN
11,9,14.100000000000001,2.0
171,108,7.1000000000000005,3.0
1,0,NaN,NaN
172,100,7.1000000000000005,4.0
1,0,NaN,NaN
1,0,NaN,NaN
144,91,6.1000000000000005,7.0
1,0,NaN,NaN
1,1,4.1000000000000005,1.0
168,96,3.1,1.0
1,0,NaN,NaN
1,0,NaN,NaN
145,85,6.1000000000000005,26.0
1,0,NaN,NaN
3,2,9.1,2.0
1,1,7.1000000000000005,1.0
1,0,NaN,NaN
1,1,9.1,1.0
1,1,8.1,1.0
1,0,NaN,NaN
1,0,NaN,NaN
168,107,8.1,3.0
1,1,5.1000000000000005,1.0
1,1,4.1000000000000005,1.0
1,1,10.100000000000001,1.0
1,1,8.1,1.0
5,3,8.1,3.0
2,0,NaN,NaN
1,0,NaN,NaN
137,89,5.1000000000000005,2.0
1,1,13.100000000000001,1.0
1,1,16.1,1.0
1,1,8.1,1.0
1,1,10.100000000000001,1.0
1,0,NaN,NaN
1,1,7.1000000000000005,1.0
1,1,6.1000000000000005,1.0
1,0,NaN,NaN
2,2,7.1000000000000005,1.0
4,4,8.1,1.0
1,0,NaN,NaN
11,7,17.1,7.0
1,1,6.1000000000000005,1.0
1,0,NaN,NaN
169,104,6.1000000000000005,1.0
1,0,NaN,NaN
1,1,8.1,1.0
4,1,12.100000000000001,4.0
157,100,16.1,5.0
84,61,8.1,10.0
1,0,NaN,NaN
1,1,3.1,1.0
1,0,NaN,NaN
2,2,6.1000000000000005,1.0
1,0,NaN,NaN
1,1,7.1000000000000005,1.0
129,82,6.1000000000000005,16.0
11,6,13.100000000000001,7.0
155,97,4.1000000000000005,2.0
1,1,4.1000000000000005,1.0
1,1,6.1000000000000005,1.0
1,0,NaN,NaN
1,1,9.1,1.0
139,86,6.1000000000000005,14.0
7,4,13.100000000000001,2.0
182,118,6.1000000000000005,3.0
1,1,8.1,1.0
2,1,12.100000000000001,2.0
152,103,5.1000000000000005,5.0
134,86,9.1,6.0
1,1,6.1000000000000005,1.0
1,0,NaN,NaN
123,69,6.1000000000000005,2.0
1,1,8.1,1.0
1,1,5.1000000000000005,1.0
166,99,5.1000000000000005,3.0
1,1,7.1000000000000005,1.0
1,0,NaN,NaN
36,15,8.1,4.0
1,0,NaN,NaN
5,3,7.1000000000000005,1.0
10,6,3.1,1.0
1,1,4.1000000000000005,1.0
3,2,5.1000000000000005,2.0
117,69,5.1000000000000005,18.0
191,111,7.1000000000000005,24.0
1,1,5.1000000000000005,1.0
1,0,NaN,NaN
163,108,7.1000000000000005,1.0
1,1,7.1000000000000005,1.0
1,1,3.1,1.0
1,1,7.1000000000000005,1.0
5,4,6.1000000000000005,2.0
10,8,7.1000000000000005,2.0
11,7,10.100000000000001,1.0
1,0,NaN,NaN
1,1,5.1000000000000005,1.0
5,4,6.1000000000000005,1.0
1,0,NaN,NaN
1,1,5.1000000000000005,1.0
1,0,NaN,NaN
1,1,6.1000000000000005,1.0
1,0,NaN,NaN
1,0,NaN,NaN
163,106,5.1000000000000005,3.0
1,0,NaN,NaN
1,0,NaN,NaN
1,0,NaN,NaN
62,41,15.100000000000001,12.0
20,12,7.1000000000000005,1.0
159,104,5.1000000000000005,1.0
2,2,4.1000000000000005,1.0
168,104,6.1000000000000005,2.0
1,0,NaN,NaN
1,0,NaN,NaN
172,101,8.1,31.0
18,6,10.100000000000001,8.0
126,75,7.1000000000000005,2.0
97,64,7.1000000000000005,1.0
2,2,6.1000000000000005,1.0
95,64,5.1000000000000005,2.0
1,1,7.1000000000000005,1.0
3,0,NaN,NaN
1,1,8.1,1.0
1,1,8.1,1.0
1,0,NaN,NaN
156,93,13.100000000000001,3.0
1,0,NaN,NaN
1,0,NaN,NaN
163,102,5.1000000000000005,4.0
1,0,NaN,NaN
85,48,4.1000000000000005,5.0
184,112,14.100000000000001,4.0
1,0,NaN,NaN
1,1,3.1,1.0
186,104,4.1000000000000005,2.0
1,1,21.1,1.0
1,0,NaN,NaN
1,0,NaN,NaN
157,98,7.1000000000000005,7.0
1,0,NaN,NaN
1,1,6.1000000000000005,1.0
1,1,8.1,1.0
1,0,NaN,NaN
1,0,NaN,NaN
1,1,9.1,1.0
1,1,7.1000000000000005,1.0
164,103,10.100000000000001,34.0
163,102,6.1000000000000005,9.0
1,0,NaN,NaN
1,1,7.1000000000000005,1.0
2,0,NaN,NaN
3,1,22.1,3.0
1,0,NaN,NaN
1,1,7.1000000000000005,1.0
137,94,11.100000000000001,23.0
1,1,4.1000000000000005,1.0
141,86,10.100000000000001,18.0
32,12,17.1,10.0
159,95,4.1000000000000005,9.0
1,0,NaN,NaN
2,2,6.1000000000000005,1.0
147,83,3.1,3.0
1,0,NaN,NaN
1,0,NaN,NaN
1,1,8.1,1.0
166,94,6.1000000000000005,5.0
16,12,3.1,1.0
155,89,7.1000000000000005,2.0
1,1,6.1000000000000005,1.0
146,90,14.100000000000001,6.0
3,3,11.100000000000001,2.0
1,0,NaN,NaN
1,1,7.1000000000000005,1.0
5,3,4.1000000000000005,3.0
1,1,11.100000000000001,1.0
1,1,6.1000000000000005,1.0
1,0,NaN,NaN
1,1,2.1,1.0
4,1,25.1,4.0
1,1,7.1000000000000005,1.0
1,1,2.1,1.0
1,0,NaN,NaN
168,104,11.100000000000001,13.0
1,1,7.1000000000000005,1.0
3,2,6.1000000000000005,1.0
1,1,8.1,1.0
30,17,7.1000000000000005,1.0
1,1,8.1,1.0
1,1,12.100000000000001,1.0
1,1,3.1,1.0
1,1,8.1,1.0
1,1,5.1000000000000005,1.0
132,86,8.1,4.0
1,0,NaN,NaN
151,86,6.1000000000000005,3.0
143,89,7.1000000000000005,27.0
1,1,9.1,1.0
160,100,11.100000000000001,23.0
120,75,11.100000000000001,10.0
178,99,7.1000000000000005,13.0
1,0,NaN,NaN
1,1,5.1000000000000005,1.0
4,2,6.1000000000000005,2.0
1,0,NaN,NaN
167,105,7.1000000000000005,2.0
1,1,13.100000000000001,1.0
7,3,8.1,5.0
1,0,NaN,NaN
2,2,7.1000000000000005,1.0
6,3,25.1,5.0
4,1,17.1,4.0
1,0,NaN,NaN
141,88,9.1,9.0
1,1,4.1000000000000005,1.0
1,0,NaN,NaN
1,0,NaN,NaN
1,1,5.1000000000000005,1.0
1,1,6.1000000000000005,1.0
135,85,14.100000000000001,25.0
16,12,5.1000000000000005,4.0
1,0,NaN,NaN
1,1,5.1000000000000005,1.0
33,18,5.1000000000000005,3.0
1,1,5.1000000000000005,1.0
178,110,7.1000000000000005,1.0
141,93,7.1000000000000005,1.0
1,1,6.1000000000000005,1.0
1,1,3.1,1.0
3,2,15.100000000000001,3.0
1,0,NaN,NaN
77,47,3.1,6.0
113,80,5.1000000000000005,4.0
1,1,11.100000000000001,1.0
1,0,NaN,NaN
1,0,NaN,NaN
111,73,8.1,7.0
14,6,12.100000000000001,10.0
1,0,NaN,NaN
17,5,10.100000000000001,14.0
1,0,NaN,NaN
128,80,9.1,7.0
175,118,5.1000000000000005,2.0
1,1,8.1,1.0
167,100,8.1,2.0
1,0,NaN,NaN
1,1,8.1,1.0
178,109,11.100000000000001,21.0
1,1,7.1000000000000005,1.0
188,114,5.1000000000000005,10.0
1,0,NaN,NaN
1,0,NaN,NaN
125,71,10.100000000000001,9.0
1,1,5.1000000000000005,1.0
1,0,NaN,NaN
1,1,10.100000000000001,1.0
1,1,7.1000000000000005,1.0
1,1,4.1000000000000005,1.0
1,0,NaN,NaN
26,12,6.1000000000000005,2.0
153,98,21.1,11.0
1,0,NaN,NaN
131,73,7.1000000000000005,2.0
1,1,8.1,1.0
4,3,10.100000000000001,2.0
1,1,14.100000000000001,1.0
119,77,4.1000000000000005,4.0
1,1,5.1000000000000005,1.0
1,1,5.1000000000000005,1.0
158,101,7.1000000000000005,8.0
1,0,NaN,NaN
1,0,NaN,NaN
1,1,7.1000000000000005,1.0
1,0,NaN,NaN
160,99,8.1,4.0
1,1,4.1000000000000005,1.0
1,0,NaN,NaN
15,9,4.1000000000000005,1.0
181,116,4.1000000000000005,6.0
1,0,NaN,NaN
180,118,14.100000000000001,11.0
1,0,NaN,NaN
1,1,4.1000000000000005,1.0
1,0,NaN,NaN
1,0,NaN,NaN
1,0,NaN,NaN
1,1,8.1,1.0
149,82,7.1000000000000005,6.0
61,30,8.1,9.0
2,1,17.1,2.0
1,0,NaN,NaN
166,103,5.1000000000000005,5.0
1,1,10.100000000000001,1.0
1,0,NaN,NaN
1,0,NaN,NaN
1,1,8.1,1.0
95,54,5.1000000000000005,7.0
1,0,NaN,NaN
4,2,14.100000000000001,4.0
1,1,6.1000000000000005,1.0
5,2,7.1000000000000005,3.0
155,105,6.1000000000000005,11.0
1,0,NaN,NaN
152,100,8.1,7.0
1,1,2.1,1.0
1,0,NaN,NaN
1,0,NaN,NaN
1,1,7.1000000000000005,1.0
1,0,NaN,NaN
1,1,6.1000000000000005,1.0
172,116,5.1000000000000005,2.0
161,103,5.1000000000000005,2.0
1,0,NaN,NaN
96,54,16.1,12.0
1,0,NaN,NaN
3,0,NaN,NaN
1,1,7.1000000000000005,1.0
2,1,6.1000000000000005,1.0
1,0,NaN,NaN
1,0,NaN,NaN
167,107,5.1000000000000005,7.0
1,1,5.1000000000000005,1.0
1,0,NaN,NaN
1,0,NaN,NaN
2,1,9.1,2.0
1,0,NaN,NaN
152,96,7.1000000000000005,4.0
163,102,3.1,1.0
149,95,4.1000000000000005,3.0
5,1,6.1000000000000005,2.0
1,1,9.1,1.0
174,97,8.1,4.0
2,1,6.1000000000000005,1.0
1,1,10.100000000000001,1.0
1,1,7.1000000000000005,1.0
2,1,6.1000000000000005,1.0
91,57,4.1000000000000005,7.0
179,116,4.1000000000000005,4.0
1,0,NaN,NaN
1,1,6.1000000000000005,1.0
1,0,NaN,NaN
2,1,8.1,2.0
1,0,NaN,NaN
3,2,13.100000000000001,1.0
171,109,9.1,4.0
1,1,10.100000000000001,1.0
1,0,NaN,NaN
2,2,14.100000000000001,2.0
1,1,6.1000000000000005,1.0
1,1,4.1000000000000005,1.0
1,1,6.1000000000000005,1.0
1,0,NaN,NaN
2,2,6.1000000000000005,1.0
1,1,3.1,1.0
168,107,8.1,13.0
1,1,12.100000000000001,1.0
93,59,14.100000000000001,3.0
1,0,NaN,NaN
2,0,NaN,NaN
1,1,6.1000000000000005,1.0
1,1,8.1,1.0
1,0,NaN,NaN
1,0,NaN,NaN
163,101,5.1000000000000005,6.0
1,0,NaN,NaN
1,1,5.1000000000000005,1.0
1,0,NaN,NaN
155,103,7.1000000000000005,1.0
1,0,NaN,NaN
1,1,5.1000000000000005,1.0
1,1,6.1000000000000005,1.0
161,95,12.100000000000001,5.0
183,112,9.1,38.0
151,98,13.100000000000001,7.0
1,1,7.1000000000000005,1.0
1,0,NaN,NaN
154,101,10.100000000000001,1.0
1,1,9.1,1.0
185,114,6.1000000000000005,25.0
1,1,6.1000000000000005,1.0
1,1,8.1,1.0
1,0,NaN,NaN
151,90,20.1,6.0
119,67,6.1000000000000005,3.0
154,99,5.1000000000000005,3.0
1,1,5.1000000000000005,1.0
6,4,14.100000000000001,6.0
146,86,9.1,24.0
1,0,NaN,NaN
1,1,9.1,1.0
2,1,4.1000000000000005,2.0
1,0,NaN,NaN
1,0,NaN,NaN
1,0,NaN,NaN
1,0,NaN,NaN
1,1,9.1,1.0
1,1,9.1,1.0
1,0,NaN,NaN
1,1,6.1000000000000005,1.0
1,1,7.1000000000000005,1.0
1,1,9.1,1.0
1,0,NaN,NaN
1,0,NaN,NaN
1,1,9.1,1.0
4,2,10.100000000000001,4.0
3,1,16.1,3.0
108,60,6.1000000000000005,15.0
2,0,NaN,NaN
1,0,NaN,NaN
2,1,6.1000000000000005,1.0
1,1,5.1000000000000005,1.0
1,0,NaN,NaN
1,1,5.1000000000000005,1.0
135,80,5.1000000000000005,1.0
1,0,NaN,NaN
136,77,9.1,10.0
52,36,9.1,1.0
1,0,NaN,NaN
1,1,11.100000000000001,1.0
1,0,NaN,NaN
1,0,NaN,NaN
1,0,NaN,NaN
2,1,15.100000000000001,2.0
1,0,NaN,NaN
1,1,5.1000000000000005,1.0
172,104,6.1000000000000005,3.0
168,108,13.100000000000001,26.0
1,1,3.1,1.0
1,1,7.1000000000000005,1.0
1,0,NaN,NaN
162,93,7.1000000000000005,19.0
1,1,7.1000000000000005,1.0
1,1,14.100000000000001,1.0
1,1,14.100000000000001,1.0
165,103,5.1000000000000005,9.0
174,107,11.100000000000001,5.0
2,1,13.100000000000001,2.0
175,93,13.100000000000001,16.0
1,0,NaN,NaN
1,0,NaN,NaN
1,1,8.1,1.0
1,0,NaN,NaN
1,0,NaN,NaN
1,1,6.1000000000000005,1.0
1,1,7.1000000000000005,1.0
23,12,10.100000000000001,6.0
148,96,6.1000000000000005,5.0
1,0,NaN,NaN
168,113,11.100000000000001,3.0
6,4,8.1,1.0
1,0,NaN,NaN
1,1,7.1000000000000005,1.0
104,66,7.1000000000000005,20.0
1,1,4.1000000000000005,1.0
162,103,7.1000000000000005,3.0
1,1,7.1000000000000005,1.0
1,0,NaN,NaN
177,112,8.1,18.0
96,43,19.1,4.0
169,95,4.1000000000000005,7.0
1,1,7.1000000000000005,1.0
1,0,NaN,NaN
1,1,14.100000000000001,1.0
1,0,NaN,NaN
136,77,4.1000000000000005,5.0
1,1,4.1000000000000005,1.0
1,0,NaN,NaN
1,1,13.100000000000001,1.0
1,1,5.1000000000000005,1.0
128,75,15.100000000000001,6.0
176,108,3.1,2.0
3,1,11.100000000000001,3.0
1,0,NaN,NaN
3,1,13.100000000000001,3.0
1,1,8.1,1.0
4,1,8.1,2.0
1,0,NaN,NaN
1,0,NaN,NaN
1,0,NaN,NaN
1,1,11.100000000000001,1.0
8,8,7.1000000000000005,5.0
1,0,NaN,NaN
2,2,7.1000000000000005,1.0
165,95,11.100000000000001,4.0
1,0,NaN,NaN
1,1,7.1000000000000005,1.0
172,112,10.100000000000001,35.0
1,1,4.1000000000000005,1.0
1,1,8.1,1.0
4,3,7.1000000000000005,1.0
2,0,NaN,NaN
1,0,NaN,NaN
1,1,5.1000000000000005,1.0
1,0,NaN,NaN
1,0,NaN,NaN
1,0,NaN,NaN
2,1,6.1000000000000005,1.0
1,1,5.1000000000000005,1.0
1,0,NaN,NaN
162,101,5.1000000000000005,7.0
11,9,13.100000000000001,5.0
1,0,NaN,NaN
1,0,NaN,NaN
8,3,12.100000000000001,8.0
1,1,6.1000000000000005,1.0
1,0,NaN,NaN
152,96,5.1000000000000005,6.0
1,1,5.1000000000000005,1.0
2,2,6.1000000000000005,1.0
167,102,10.100000000000001,14.0
61,34,15.100000000000001,7.0
1,0,NaN,NaN
1,1,8.1,1.0
1,1,6.1000000000000005,1.0
1,0,NaN,NaN
1,0,NaN,NaN
167,112,7.1000000000000005,21.0
2,2,4.1000000000000005,1.0
1,0,NaN,NaN
1,0,NaN,NaN
1,1,5.1000000000000005,1.0
9,4,9.1,4.0
1,1,10.100000000000001,1.0
4,2,5.1000000000000005,3.0
1,1,8.1,1.0
3,2,13.100000000000001,3.0
117,70,8.1,18.0
1,0,NaN,NaN
1,1,7.1000000000000005,1.0
1,1,7.1000000000000005,1.0
1,0,NaN,NaN
1,1,7.1000000000000005,1.0
8,5,8.1,4.0
126,72,5.1000000000000005,2.0
1,0,NaN,NaN
4,3,4.1000000000000005,2.0
2,2,8.1,2.0
2,1,9.1,1.0
1,0,NaN,NaN
2,1,14.100000000000001,2.0
1,1,5.1000000000000005,1.0
1,1,5.1000000000000005,1.0
156,93,5.1000000000000005,15.0
12,4,13.100000000000001,11.0
3,0,NaN,NaN
1,1,7.1000000000000005,1.0
1,0,NaN,NaN
144,94,6.1000000000000005,9.0
2,1,15.100000000000001,2.0
1,1,5.1000000000000005,1.0
156,91,5.1000000000000005,7.0
7,4,5.1000000000000005,1.0
1,1,3.1,1.0
140,95,6.1000000000000005,18.0
3,2,8.1,3.0
3,2,4.1000000000000005,3.0
1,0,NaN,NaN
1,1,6.1000000000000005,1.0
1,0,NaN,NaN
1,0,NaN,NaN
1,1,8.1,1.0
1,1,3.1,1.0
1,1,3.1,1.0
46,22,6.1000000000000005,1.0
8,4,10.100000000000001,2.0
1,1,14.100000000000001,1.0
173,107,4.1000000000000005,5.0
1,1,6.1000000000000005,1.0
1,1,4.1000000000000005,1.0
1,0,NaN,NaN
1,1,4.1000000000000005,1.0
131,74,4.1000000000000005,7.0
2,1,21.1,2.0
1,1,4.1000000000000005,1.0
155,95,10.100000000000001,16.0
1,0,NaN,NaN
1,0,NaN,NaN
1,1,11.100000000000001,1.0
31,19,8.1,1.0
6,3,14.100000000000001,6.0
4,2,14.100000000000001,4.0
1,1,7.1000000000000005,1.0
1,1,7.1000000000000005,1.0
1,1,3.1,1.0
4,3,4.1000000000000005,2.0
21,10,19.1,12.0
4,2,4.1000000000000005,1.0
1,0,NaN,NaN
1,0,NaN,NaN
1,1,5.1000000000000005,1.0
187,125,6.1000000000000005,5.0
1,0,NaN,NaN
1,1,15.100000000000001,1.0
156,92,17.1,5.0
1,0,NaN,NaN
2,2,4.1000000000000005,2.0
145,85,11.100000000000001,11.0
1,0,NaN,NaN
3,1,10.100000000000001,3.0
1,1,6.1000000000000005,1.0
16,9,8.1,6.0
1,1,8.1,1.0
10,5,15.100000000000001,5.0
1,1,4.1000000000000005,1.0
2,2,7.1000000000000005,1.0
1,0,NaN,NaN
4,4,4.1000000000000005,1.0
178,104,18.1,11.0
1,0,NaN,NaN
6,3,11.100000000000001,4.0
1,0,NaN,NaN
7,3,19.1,7.0
2,1,21.1,2.0
1,1,11.100000000000001,1.0
1,0,NaN,NaN
13,8,5.1000000000000005,1.0
1,1,10.100000000000001,1.0
1,1,7.1000000000000005,1.0
1,0,NaN,NaN
1,1,7.1000000000000005,1.0
4,2,5.1000000000000005,2.0
1,0,NaN,NaN
1,0,NaN,NaN
1,1,7.1000000000000005,1.0
136,75,4.1000000000000005,5.0
1,0,NaN,NaN
1,1,3.1,1.0
1,0,NaN,NaN
152,85,15.100000000000001,8.0
1,0,NaN,NaN
120,78,12.100000000000001,15.0
1,1,6.1000000000000005,1.0
1,0,NaN,NaN
1,0,NaN,NaN
1,0,NaN,NaN
2,2,11.100000000000001,2.0
160,105,7.1000000000000005,9.0
1,0,NaN,NaN
56,33,6.1000000000000005,2.0
178,121,8.1,23.0
3,1,9.1,3.0
8,5,8.1,2.0
1,1,7.1000000000000005,1.0
1,0,NaN,NaN
1,0,NaN,NaN
1,0,NaN,NaN
162,80,9.1,30.0
1,0,NaN,NaN
2,0,NaN,NaN
155,91,13.100000000000001,19.0
151,96,8.1,6.0
129,74,7.1000000000000005,7.0
5,3,5.1000000000000005,2.0
1,1,3.1,1.0
1,0,NaN,NaN
1,1,6.1000000000000005,1.0
128,84,8.1,4.0
139,88,20.1,17.0
1,1,7.1000000000000005,1.0
1,0,NaN,NaN
1,0,NaN,NaN
1,0,NaN,NaN
6,1,18.1,5.0
173,95,8.1,13.0
1,0,NaN,NaN
1,1,3.1,1.0
178,112,11.100000000000001,15.0
1,1,22.1,1.0
1,1,14.100000000000001,1.0
1,1,13.100000000000001,1.0
1,0,NaN,NaN
1,0,NaN,NaN
1,1,6.1000000000000005,1.0
1,0,NaN,NaN
1,0,NaN,NaN
1,0,NaN,NaN
1,1,5.1000000000000005,1.0
160,98,8.1,15.0
1,1,8.1,1.0
3,2,3.1,1.0
1,1,8.1,1.0
1,1,10.100000000000001,1.0
1,0,NaN,NaN
1,0,NaN,NaN
1,0,NaN,NaN
1,0,NaN,NaN
1,0,NaN,NaN
1,0,NaN,NaN
1,1,7.1000000000000005,1.0
1,0,NaN,NaN
148,90,11.100000000000001,14.0
9,5,9.1,3.0
1,0,NaN,NaN
148,96,6.1000000000000005,19.0
1,1,11.100000000000001,1.0
185,111,6.1000000000000005,5.0
1,0,NaN,NaN
1,1,5.1000000000000005,1.0
1,1,7.1000000000000005,1.0
1,0,NaN,NaN
1,0,NaN,NaN
1,0,NaN,NaN
157,98,12.100000000000001,5.0
174,110,3.1,10.0
1,1,13.100000000000001,1.0
1,1,2.1,1.0
6,5,8.1,5.0
1,1,4.1000000000000005,1.0
1,1,6.1000000000000005,1.0
5,5,7.1000000000000005,2.0
1,0,NaN,NaN
3,0,NaN,NaN
1,0,NaN,NaN
173,110,6.1000000000000005,2.0
173,117,5.1000000000000005,4.0
1,0,NaN,NaN
1,0,NaN,NaN
1,1,6.1000000000000005,1.0
2,2,6.1000000000000005,1.0
1,1,7.1000000000000005,1.0
3,2,10.100000000000001,1.0
169,106,11.100000000000001,18.0
1,1,10.100000000000001,1.0
1,1,4.1000000000000005,1.0
1,1,9.1,1.0
1,1,9.1,1.0
1,1,6.1000000000000005,1.0
40,20,5.1000000000000005,6.0
176,107,4.1000000000000005,5.0
1,1,7.1000000000000005,1.0
1,1,6.1000000000000005,1.0
1,0,NaN,NaN
1,1,10.100000000000001,1.0
1,1,9.1,1.0
1,1,8.1,1.0
1,0,NaN,NaN
2,0,NaN,NaN
171,114,10.100000000000001,17.0
1,1,7.1000000000000005,1.0
1,0,NaN,NaN
1,0,NaN,NaN
77,34,23.1,19.0
1,1,4.1000000000000005,1.0
1,0,NaN,NaN
1,1,8.1,1.0
166,107,10.100000000000001,29.0
1,1,5.1000000000000005,1.0
1,0,NaN,NaN
179,120,10.100000000000001,6.0
1,1,11.100000000000001,1.0
1,1,6.1000000000000005,1.0
1,1,7.1000000000000005,1.0
1,1,13.100000000000001,1.0
1,1,4.1000000000000005,1.0
114,69,6.1000000000000005,4.0
1,1,7.1000000000000005,1.0
1,0,NaN,NaN
131,71,9.1,12.0
1,0,NaN,NaN
77,40,5.1000000000000005,2.0
1,1,6.1000000000000005,1.0
189,119,5.1000000000000005,9.0
1,0,NaN,NaN
1,1,11.100000000000001,1.0
7,2,6.1000000000000005,3.0
3,2,4.1000000000000005,1.0
1,0,NaN,NaN
1,1,4.1000000000000005,1.0
3,1,10.100000000000001,3.0
1,0,NaN,NaN
1,1,16.1,1.0
1,1,7.1000000000000005,1.0
5,1,19.1,5.0
1,1,7.1000000000000005,1.0
1,1,7.1000000000000005,1.0
1,1,7.1000000000000005,1.0
1,1,5.1000000000000005,1.0
168,97,4.1000000000000005,3.0
4,2,15.100000000000001,3.0
1,0,NaN,NaN
1,1,6.1000000000000005,1.0
178,103,5.1000000000000005,3.0
1,1,6.1000000000000005,1.0
1,0,NaN,NaN
1,0,NaN,NaN
1,0,NaN,NaN
1,1,9.1,1.0
16,7,7.1000000000000005,6.0
1,1,6.1000000000000005,1.0
155,106,5.1000000000000005,5.0
180,109,7.1000000000000005,16.0
2,1,17.1,2.0
1,0,NaN,NaN
1,0,NaN,NaN
183,111,4.1000000000000005,1.0
1,0,NaN,NaN
1,1,7.1000000000000005,1.0
1,0,NaN,NaN
1,0,NaN,NaN
1,1,7.1000000000000005,1.0
1,1,22.1,1.0
180,111,9.1,4.0
1,1,8.1,1.0
1,1,15.100000000000001,1.0
3,2,13.100000000000001,3.0
1,1,5.1000000000000005,1.0
1,0,NaN,NaN
1,1,9.1,1.0
1,0,NaN,NaN
1,0,NaN,NaN
114,66,10.100000000000001,13.0
1,1,5.1000000000000005,1.0
172,108,12.100000000000001,15.0
115,67,7.1000000000000005,5.0
1,0,NaN,NaN
1,1,6.1000000000000005,1.0
26,12,5.1000000000000005,1.0
1,1,5.1000000000000005,1.0
1,0,NaN,NaN
1,0,NaN,NaN
158,104,15.100000000000001,11.0
1,1,8.1,1.0
1,1,5.1000000000000005,1.0
1,0,NaN,NaN
161,102,8.1,20.0
169,109,10.100000000000001,19.0
1,0,NaN,NaN
1,0,NaN,NaN
1,1,7.1000000000000005,1.0
1,1,6.1000000000000005,1.0
161,105,6.1000000000000005,4.0
1,0,NaN,NaN
4,3,6.1000000000000005,1.0
1,1,7.1000000000000005,1.0
1,0,NaN,NaN
10,5,12.100000000000001,8.0
1,0,NaN,NaN
1,0,NaN,NaN
1,0,NaN,NaN
1,1,9.1,1.0
1,1,7.1000000000000005,1.0
1,1,8.1,1.0
1,1,7.1000000000000005,1.0
5,2,4.1000000000000005,1.0
1,1,6.1000000000000005,1.0
1,0,NaN,NaN
156,96,12.100000000000001,12.0
1,0,NaN,NaN
1,1,6.1000000000000005,1.0
1,1,5.1000000000000005,1.0
1,1,8.1,1.0
1,1,7.1000000000000005,1.0
1,0,NaN,NaN
1,1,6.1000000000000005,1.0
1,0,NaN,NaN
1,1,7.1000000000000005,1.0
97,61,7.1000000000000005,1.0
1,0,NaN,NaN
1,1,3.1,1.0
178,113,6.1000000000000005,18.0
38,13,5.1000000000000005,6.0
171,99,5.1000000000000005,16.0
1,1,9.1,1.0
136,87,9.1,4.0
1,1,5.1000000000000005,1.0
1,0,NaN,NaN
1,0,NaN,NaN
139,95,7.1000000000000005,3.0
1,1,7.1000000000000005,1.0
157,95,3.1,1.0
1,0,NaN,NaN
1,1,15.100000000000001,1.0
1,1,5.1000000000000005,1.0
1,1,7.1000000000000005,1.0
183,114,5.1000000000000005,13.0
1,1,4.1000000000000005,1.0
1,1,4.1000000000000005,1.0
1,0,NaN,NaN
1,0,NaN,NaN
1,0,NaN,NaN
1,1,5.1000000000000005,1.0
1,1,9.1,1.0
6,3,10.100000000000001,5.0
1,1,4.1000000000000005,1.0
1,1,6.1000000000000005,1.0
2,2,7.1000000000000005,1.0
1,0,NaN,NaN
1,0,NaN,NaN
1,1,14.100000000000001,1.0
1,1,4.1000000000000005,1.0
1,1,7.1000000000000005,1.0
1,1,6.1000000000000005,1.0
1,0,NaN,NaN
1,1,7.1000000000000005,1.0
170,107,8.1,14.0
1,1,13.100000000000001,1.0
1,0,NaN,NaN
1,0,NaN,NaN
1,1,7.1000000000000005,1.0
1,0,NaN,NaN
1,1,7.1000000000000005,1.0
1,1,8.1,1.0
103,63,5.1000000000000005,7.0
1,1,8.1,1.0
1,1,6.1000000000000005,1.0
1,1,10.100000000000001,1.0
7,4,8.1,4.0
1,1,6.1000000000000005,1.0
107,65,10.100000000000001,4.0
116,77,12.100000000000001,6.0
1,0,NaN,NaN
1,0,NaN,NaN
1,1,7.1000000000000005,1.0
148,102,13.100000000000001,4.0
1,1,8.1,1.0
1,1,13.100000000000001,1.0
174,102,11.100000000000001,2.0
1,1,4.1000000000000005,1.0
1,0,NaN,NaN
171,105,7.1000000000000005,3.0
1,1,6.1000000000000005,1.0
8,7,5.1000000000000005,3.0
1,0,NaN,NaN
1,0,NaN,NaN
169,98,6.1000000000000005,6.0
1,0,NaN,NaN
1,0,NaN,NaN
1,0,NaN,NaN
1,1,6.1000000000000005,1.0
33,16,15.100000000000001,2.0
110,63,7.1000000000000005,13.0
4,2,6.1000000000000005,3.0
1,1,8.1,1.0
3,3,4.1000000000000005,2.0
1,0,NaN,NaN
2,2,4.1000000000000005,2.0
2,0,NaN,NaN
1,1,10.100000000000001,1.0
163,106,4.1000000000000005,15.0
6,3,4.1000000000000005,1.0
2,0,NaN,NaN
1,1,8.1,1.0
171,105,6.1000000000000005,22.0
1,0,NaN,NaN
176,106,7.1000000000000005,13.0
1,0,NaN,NaN
2,1,3.1,1.0
1,0,NaN,NaN
1,1,9.1,1.0
1,1,14.100000000000001,1.0
1,0,NaN,NaN
1,1,6.1000000000000005,1.0
1,1,11.100000000000001,1.0
1,0,NaN,NaN
1,0,NaN,NaN
1,0,NaN,NaN
1,0,NaN,NaN
1,1,7.1000000000000005,1.0
1,1,4.1000000000000005,1.0
185,118,4.1000000000000005,1.0
178,109,15.100000000000001,15.0
6,3,9.1,6.0
3,2,11.100000000000001,2.0
1,0,NaN,NaN
1,0,NaN,NaN
1,1,4.1000000000000005,1.0
169,116,9.1,11.0
1,0,NaN,NaN
1,1,5.1000000000000005,1.0
1,1,10.100000000000001,1.0
1,1,4.1000000000000005,1.0
1,1,8.1,1.0
9,3,10.100000000000001,3.0
1,0,NaN,NaN
1,1,7.1000000000000005,1.0
7,6,4.1000000000000005,2.0
1,1,9.1,1.0
128,78,9.1,16.0
1,0,NaN,NaN
1,0,NaN,NaN
1,1,6.1000000000000005,1.0
1,0,NaN,NaN
1,0,NaN,NaN
1,0,NaN,NaN
1,1,6.1000000000000005,1.0
168,108,8.1,10.0
1,1,7.1000000000000005,1.0
1,1,8.1,1.0
1,1,3.1,1.0
167,110,10.100000000000001,30.0
160,95,8.1,14.0
176,110,5.1000000000000005,10.0
178,102,10.100000000000001,21.0
190,119,12.100000000000001,22.0
1,0,NaN,NaN
1,0,NaN,NaN
1,1,12.100000000000001,1.0
1,1,8.1,1.0
1,1,9.1,1.0
1,1,12.100000000000001,1.0
7,4,15.100000000000001,5.0
3,1,12.100000000000001,3.0
149,88,10.100000000000001,16.0
4,2,14.100000000000001,2.0
177,103,10.100000000000001,6.0
1,1,6.1000000000000005,1.0
1,0,NaN,NaN
160,105,12.100000000000001,9.0
1,1,3.1,1.0
1,1,7.1000000000000005,1.0
1,0,NaN,NaN
1,0,NaN,NaN
1,1,8.1,1.0
4,1,17.1,4.0
3,2,6.1000000000000005,2.0
1,1,3.1,1.0
154,95,7.1000000000000005,12.0
1,1,6.1000000000000005,1.0
1,0,NaN,NaN
1,1,10.100000000000001,1.0
4,3,2.1,1.0
111,71,6.1000000000000005,2.0
1,0,NaN,NaN
1,1,10.100000000000001,1.0
174,100,14.100000000000001,54.0
1,0,NaN,NaN
8,5,14.100000000000001,4.0
1,0,NaN,NaN
1,1,9.1,1.0
1,1,9.1,1.0
1,0,NaN,NaN
1,0,NaN,NaN
162,96,7.1000000000000005,10.0
1,1,6.1000000000000005,1.0
1,1,8.1,1.0
1,1,4.1000000000000005,1.0
1,0,NaN,NaN
1,0,NaN,NaN
1,1,12.100000000000001,1.0
1,1,13.100000000000001,1.0
2,2,8.1,2.0
1,0,NaN,NaN
3,2,7.1000000000000005,3.0
1,0,NaN,NaN
1,1,9.1,1.0
1,0,NaN,NaN
171,100,10.100000000000001,7.0
1,1,9.1,1.0
7,6,7.1000000000000005,4.0
1,0,NaN,NaN
1,1,10.100000000000001,1.0
164,102,7.1000000000000005,5.0
1,1,5.1000000000000005,1.0
4,2,4.1000000000000005,1.0
1,0,NaN,NaN
1,1,4.1000000000000005,1.0
1,1,6.1000000000000005,1.0
141,78,5.1000000000000005,6.0
1,1,10.100000000000001,1.0
1,1,14.100000000000001,1.0
153,80,27.1,10.0
1,1,4.1000000000000005,1.0
1,0,NaN,NaN
1,1,4.1000000000000005,1.0
1,1,7.1000000000000005,1.0
1,0,NaN,NaN
1,1,8.1,1.0
4,3,11.100000000000001,4.0
1,0,NaN,NaN
11,5,7.1000000000000005,2.0
1,0,NaN,NaN
1,1,7.1000000000000005,1.0
8,2,16.1,6.0
102,56,6.1000000000000005,5.0
1,1,11.100000000000001,1.0
1,0,NaN,NaN
1,1,8.1,1.0
2,1,17.1,2.0
1,1,5.1000000000000005,1.0
1,0,NaN,NaN
31,20,11.100000000000001,10.0
1,1,6.1000000000000005,1.0
1,1,5.1000000000000005,1.0
1,0,NaN,NaN
3,2,10.100000000000001,2.0
1,1,8.1,1.0
1,0,NaN,NaN
1,1,9.1,1.0
148,91,7.1000000000000005,22.0
1,1,8.1,1.0
2,0,NaN,NaN
1,1,7.1000000000000005,1.0
115,76,3.1,4.0
173,102,12.100000000000001,6.0
135,90,4.1000000000000005,6.0
4,3,7.1000000000000005,4.0
3,1,21.1,3.0
1,1,9.1,1.0
141,85,4.1000000000000005,1.0
2,1,8.1,2.0
1,1,5.1000000000000005,1.0
1,1,12.100000000000001,1.0
1,1,6.1000000000000005,1.0
1,0,NaN,NaN
1,1,6.1000000000000005,1.0
1,1,6.1000000000000005,1.0
2,0,NaN,NaN
1,0,NaN,NaN
1,0,NaN,NaN
1,1,4.1000000000000005,1.0
1,0,NaN,NaN
1,1,6.1000000000000005,1.0
2,2,6.1000000000000005,2.0
1,1,4.1000000000000005,1.0
1,1,7.1000000000000005,1.0
1,1,7.1000000000000005,1.0
1,1,4.1000000000000005,1.0
3,1,4.1000000000000005,1.0
1,0,NaN,NaN
1,0,NaN,NaN
1,0,NaN,NaN
1,0,NaN,NaN
1,1,7.1000000000000005,1.0
8,5,5.1000000000000005,4.0
1,0,NaN,NaN
154,95,10.100000000000001,8.0
1,0,NaN,NaN
1,1,8.1,1.0
1,1,8.1,1.0
1,0,NaN,NaN
184,117,10.100000000000001,12.0
138,84,8.1,4.0
1,0,NaN,NaN
3,1,10.100000000000001,2.0
3,2,7.1000000000000005,2.0
160,94,7.1000000000000005,8.0
1,0,NaN,NaN
1,0,NaN,NaN
1,1,7.1000000000000005,1.0
1,1,6.1000000000000005,1.0
1,1,9.1,1.0
1,1,7.1000000000000005,1.0
156,104,6.1000000000000005,4.0
1,0,NaN,NaN
1,1,8.1,1.0
1,1,5.1000000000000005,1.0
1,1,12.100000000000001,1.0
1,1,7.1000000000000005,1.0
1,1,5.1000000000000005,1.0
1,1,9.1,1.0
2,1,11.100000000000001,2.0
1,1,6.1000000000000005,1.0
160,95,9.1,7.0
1,1,5.1000000000000005,1.0
1,0,NaN,NaN
1,0,NaN,NaN
155,95,4.1000000000000005,2.0
1,1,3.1,1.0
1,0,NaN,NaN
1,0,NaN,NaN
1,0,NaN,NaN
1,1,4.1000000000000005,1.0
1,1,5.1000000000000005,1.0
3,1,11.100000000000001,3.0
171,109,9.1,5.0
1,0,NaN,NaN
160,97,6.1000000000000005,1.0
1,1,8.1,1.0
178,106,11.100000000000001,4.0
156,101,5.1000000000000005,2.0
1,0,NaN,NaN
1,1,5.1000000000000005,1.0
1,0,NaN,NaN
1,1,8.1,1.0
177,121,6.1000000000000005,3.0
1,1,7.1000000000000005,1.0
4,1,15.100000000000001,4.0
2,1,15.100000000000001,2.0
1,1,7.1000000000000005,1.0
8,4,6.1000000000000005,2.0
1,1,4.1000000000000005,1.0
1,0,NaN,NaN
1,1,8.1,1.0
1,0,NaN,NaN
171,101,4.1000000000000005,1.0
1,1,9.1,1.0
1,1,8.1,1.0
1,1,8.1,1.0
1,1,6.1000000000000005,1.0
120,66,12.100000000000001,19.0
1,1,6.1000000000000005,1.0
2,2,4.1000000000000005,1.0
1,0,NaN,NaN
1,1,5.1000000000000005,1.0
1,1,3.1,1.0
1,1,8.1,1.0
1,1,7.1000000000000005,1.0
1,1,7.1000000000000005,1.0
1,0,NaN,NaN
1,1,6.1000000000000005,1.0
1,0,NaN,NaN
2,2,8.1,2.0
8,3,12.100000000000001,7.0
1,0,NaN,NaN
2,1,7.1000000000000005,1.0
1,1,10.100000000000001,1.0
1,1,9.1,1.0
1,1,10.100000000000001,1.0
168,103,14.100000000000001,4.0
1,1,12.100000000000001,1.0
1,1,7.1000000000000005,1.0
1,0,NaN,NaN
1,0,NaN,NaN
1,0,NaN,NaN
1,0,NaN,NaN
1,1,4.1000000000000005,1.0
6,3,6.1000000000000005,1.0
1,1,4.1000000000000005,1.0
1,1,6.1000000000000005,1.0
1,1,8.1,1.0
1,1,7.1000000000000005,1.0
61,37,11.100000000000001,18.0
1,1,8.1,1.0
154,89,5.1000000000000005,33.0
1,1,4.1000000000000005,1.0
173,113,9.1,9.0
139,85,8.1,3.0
1,0,NaN,NaN
2,1,8.1,1.0
2,1,6.1000000000000005,2.0
1,0,NaN,NaN
1,0,NaN,NaN
1,1,8.1,1.0
133,88,11.100000000000001,10.0
154,93,11.100000000000001,19.0
1,1,28.1,1.0
1,1,7.1000000000000005,1.0
29,12,12.100000000000001,3.0
1,1,7.1000000000000005,1.0
2,1,17.1,2.0
83,57,4.1000000000000005,6.0
164,97,7.1000000000000005,7.0
1,1,4.1000000000000005,1.0
1,1,4.1000000000000005,1.0
184,119,18.1,4.0
1,1,4.1000000000000005,1.0
7,3,9.1,4.0
1,1,3.1,1.0
1,1,8.1,1.0
172,113,12.100000000000001,6.0
2,1,20.1,2.0
1,1,6.1000000000000005,1.0
1,1,3.1,1.0
1,1,6.1000000000000005,1.0
1,0,NaN,NaN
1,1,5.1000000000000005,1.0
1,1,4.1000000000000005,1.0
1,1,14.100000000000001,1.0
1,1,13.100000000000001,1.0
1,1,7.1000000000000005,1.0
2,1,9.1,2.0
1,0,NaN,NaN
1,1,6.1000000000000005,1.0
1,0,NaN,NaN
2,2,4.1000000000000005,1.0
1,1,13.100000000000001,1.0
1,1,13.100000000000001,1.0
2,1,15.100000000000001,2.0
1,1,3.1,1.0
1,1,8.1,1.0
1,1,5.1000000000000005,1.0
1,0,NaN,NaN
9,5,6.1000000000000005,3.0
1,0,NaN,NaN
1,1,7.1000000000000005,1.0
2,1,2.1,2.0
146,98,16.1,2.0
1,0,NaN,NaN
1,1,10.100000000000001,1.0
1,1,6.1000000000000005,1.0
176,109,2.1,1.0
1,0,NaN,NaN
1,0,NaN,NaN
1,0,NaN,NaN
1,0,NaN,NaN
1,0,NaN,NaN
1,1,4.1000000000000005,1.0
1,1,3.1,1.0
1,0,NaN,NaN
2,0,NaN,NaN
1,1,5.1000000000000005,1.0
1,1,13.100000000000001,1.0
1,1,6.1000000000000005,1.0
2,2,4.1000000000000005,1.0
1,1,6.1000000000000005,1.0
1,1,6.1000000000000005,1.0
1,1,8.1,1.0
1,1,5.1000000000000005,1.0
108,71,7.1000000000000005,2.0
1,0,NaN,NaN
1,0,NaN,NaN
1,1,7.1000000000000005,1.0
1,0,NaN,NaN
179,115,8.1,6.0
1,0,NaN,NaN
1,1,7.1000000000000005,1.0
1,1,4.1000000000000005,1.0
1,0,NaN,NaN
1,0,NaN,NaN
1,0,NaN,NaN
1,0,NaN,NaN
157,102,5.1000000000000005,6.0
1,1,6.1000000000000005,1.0
1,1,5.1000000000000005,1.0
162,98,10.100000000000001,5.0
1,1,7.1000000000000005,1.0
158,92,4.1000000000000005,1.0
1,0,NaN,NaN
1,0,NaN,NaN
1,0,NaN,NaN
1,0,NaN,NaN
1,0,NaN,NaN
14,10,7.1000000000000005,1.0
145,90,12.100000000000001,6.0
1,1,7.1000000000000005,1.0
8,5,11.100000000000001,8.0
1,0,NaN,NaN
1,0,NaN,NaN
168,102,9.1,17.0
181,111,8.1,21.0
1,0,NaN,NaN
146,100,7.1000000000000005,4.0
1,1,7.1000000000000005,1.0
150,95,4.1000000000000005,2.0
1,1,6.1000000000000005,1.0
2,1,11.100000000000001,2.0
169,106,9.1,6.0
154,99,3.1,1.0
1,1,4.1000000000000005,1.0
1,1,4.1000000000000005,1.0
164,97,5.1000000000000005,17.0
1,0,NaN,NaN
3,1,11.100000000000001,3.0
160,102,7.1000000000000005,4.0
3,3,5.1000000000000005,3.0
1,1,10.100000000000001,1.0
6,5,7.1000000000000005,6.0
154,101,8.1,6.0
1,1,5.1000000000000005,1.0
49,27,15.100000000000001,9.0
1,1,10.100000000000001,1.0
170,109,13.100000000000001,8.0
1,0,NaN,NaN
1,1,8.1,1.0
45,17,8.1,5.0
1,1,3.1,1.0
1,1,2.1,1.0
1,1,2.1,1.0
3,1,4.1000000000000005,1.0
1,1,4.1000000000000005,1.0
1,1,6.1000000000000005,1.0
1,1,7.1000000000000005,1.0
166,105,6.1000000000000005,2.0
1,0,NaN,NaN
173,107,7.1000000000000005,5.0
1,0,NaN,NaN
1,1,21.1,1.0
135,82,7.1000000000000005,25.0
2,2,7.1000000000000005,1.0
163,96,8.1,1.0
4,1,13.100000000000001,4.0
146,101,6.1000000000000005,10.0
1,1,3.1,1.0
1,1,8.1,1.0
1,0,NaN,NaN
2,0,NaN,NaN
1,1,12.100000000000001,1.0
1,1,8.1,1.0
1,1,7.1000000000000005,1.0
6,3,12.100000000000001,3.0
1,1,7.1000000000000005,1.0
1,0,NaN,NaN
46,17,5.1000000000000005,3.0
1,1,4.1000000000000005,1.0
2,1,7.1000000000000005,2.0
1,0,NaN,NaN
1,1,7.1000000000000005,1.0
1,0,NaN,NaN
1,0,NaN,NaN
1,0,NaN,NaN
1,1,6.1000000000000005,1.0
183,104,12.100000000000001,14.0
1,0,NaN,NaN
1,1,5.1000000000000005,1.0
1,1,4.1000000000000005,1.0
1,1,4.1000000000000005,1.0
1,1,4.1000000000000005,1.0
3,2,14.100000000000001,1.0
1,0,NaN,NaN
168,111,5.1000000000000005,5.0
1,0,NaN,NaN
2,1,16.1,2.0
130,78,10.100000000000001,9.0
1,0,NaN,NaN
1,1,4.1000000000000005,1.0
138,77,5.1000000000000005,15.0
1,1,6.1000000000000005,1.0
1,0,NaN,NaN
1,1,5.1000000000000005,1.0
160,104,3.1,2.0
1,1,3.1,1.0
1,1,8.1,1.0
1,0,NaN,NaN
7,3,13.100000000000001,3.0
23,14,11.100000000000001,2.0
8,6,4.1000000000000005,3.0
1,0,NaN,NaN
1,1,7.1000000000000005,1.0
1,0,NaN,NaN
1,0,NaN,NaN
1,1,4.1000000000000005,1.0
171,99,12.100000000000001,8.0
1,0,NaN,NaN
1,1,10.100000000000001,1.0
2,1,7.1000000000000005,2.0
157,92,13.100000000000001,6.0
2,2,4.1000000000000005,1.0
1,1,6.1000000000000005,1.0
133,76,11.100000000000001,8.0
130,85,18.1,5.0
60,32,12.100000000000001,4.0
4,1,14.100000000000001,4.0
1,0,NaN,NaN
4,1,7.1000000000000005,1.0
1,1,6.1000000000000005,1.0
65,41,4.1000000000000005,1.0
1,1,10.100000000000001,1.0
163,103,4.1000000000000005,4.0
1,1,10.100000000000001,1.0
1,0,NaN,NaN
1,0,NaN,NaN
1,0,NaN,NaN
1,0,NaN,NaN
1,1,9.1,1.0
1,1,7.1000000000000005,1.0
1,0,NaN,NaN
13,10,10.100000000000001,6.0
1,0,NaN,NaN
2,2,5.1000000000000005,2.0
2,2,12.100000000000001,2.0
1,0,NaN,NaN
1,0,NaN,NaN
1,0,NaN,NaN
1,0,NaN,NaN
1,0,NaN,NaN
1,0,NaN,NaN
1,0,NaN,NaN
1,0,NaN,NaN
1,1,9.1,1.0
1,0,NaN,NaN
131,81,6.1000000000000005,30.0
1,0,NaN,NaN
1,0,NaN,NaN
5,4,5.1000000000000005,3.0
1,1,4.1000000000000005,1.0
150,80,9.1,9.0
2,1,13.100000000000001,2.0
1,1,4.1000000000000005,1.0
1,1,5.1000000000000005,1.0
1,1,7.1000000000000005,1.0
91,54,5.1000000000000005,1.0
1,1,8.1,1.0
1,1,6.1000000000000005,1.0
1,1,7.1000000000000005,1.0
1,1,9.1,1.0
1,1,9.1,1.0
166,106,5.1000000000000005,11.0
10,4,11.100000000000001,8.0
1,1,9.1,1.0
1,1,7.1000000000000005,1.0
170,121,7.1000000000000005,18.0
2,1,6.1000000000000005,1.0
1,0,NaN,NaN
1,1,7.1000000000000005,1.0
1,1,8.1,1.0
7,4,8.1,7.0
1,0,NaN,NaN
1,1,5.1000000000000005,1.0
1,0,NaN,NaN
1,1,7.1000000000000005,1.0
1,0,NaN,NaN
7,4,11.100000000000001,3.0
1,1,7.1000000000000005,1.0
1,1,4.1000000000000005,1.0
2,2,7.1000000000000005,2.0
2,0,NaN,NaN
1,1,9.1,1.0
159,96,6.1000000000000005,5.0
1,1,9.1,1.0
4,1,29.1,4.0
1,1,13.100000000000001,1.0
183,120,10.100000000000001,10.0
