run_id,facility_id,n_residents,n_staff,total_FTE,index_case_type,I_tot_staff,I_tot_res,index_case_id,index_case_beta_max,t_index_case_recovery
1,10000003,88,121,73.8,worker,1,0,152,0.04241361726974507,13.4
2,10000003,88,121,73.8,worker,1,0,151,3.554033218047175e-9,13.100000000000001
3,10000003,88,121,73.8,worker,2,0,169,0.012646743343501677,13.200000000000001
4,10000003,88,121,73.8,resident,0,1,10,0.0005337526948086246,10.9
5,10000003,88,121,73.8,worker,1,0,111,0.001380712783178768,10.200000000000001
6,10000003,88,121,73.8,worker,1,0,157,1.7922813672609758e-6,9.1
7,10000003,88,121,73.8,worker,1,0,122,0.0016000881074427387,15.5
8,10000003,88,121,73.8,resident,0,1,59,7.225177171494131e-10,12.5
9,10000003,88,121,73.8,resident,2,15,78,0.3213546256235608,14.5
10,10000003,88,121,73.8,resident,0,1,25,8.5505823113421e-5,12.3
11,10000003,88,121,73.8,worker,1,0,124,0.0010116363662044069,14.4
12,10000003,88,121,73.8,worker,1,0,127,0.0001101401279358516,10.700000000000001
13,10000003,88,121,73.8,worker,1,0,140,1.1740396671429306e-18,14.600000000000001
14,10000003,88,121,73.8,resident,0,1,15,0.009399469223334692,12.200000000000001
15,10000003,88,121,73.8,worker,7,3,157,0.3562702649401892,11.9
16,10000003,88,121,73.8,worker,1,0,165,0.011620057623583134,14.600000000000001
17,10000003,88,121,73.8,worker,7,3,198,0.4475490718901368,16.400000000000002
18,10000003,88,121,73.8,resident,0,4,73,0.037237671038676895,13.3
19,10000003,88,121,73.8,worker,1,0,107,2.1650607301929747e-6,11.100000000000001
20,10000003,88,121,73.8,worker,1,0,125,6.48141353872731e-10,16.0
21,10000003,88,121,73.8,worker,5,1,112,0.269325843585121,15.200000000000001
22,10000003,88,121,73.8,worker,1,0,181,4.306360631223963e-12,14.100000000000001
23,10000003,88,121,73.8,resident,1,11,56,0.1939933344947031,15.100000000000001
24,10000003,88,121,73.8,worker,2,2,151,0.04737803664516665,14.8
25,10000003,88,121,73.8,worker,1,0,144,0.03428167465165763,10.0
26,10000003,88,121,73.8,worker,1,0,119,1.0421657926499336e-6,12.8
27,10000003,88,121,73.8,worker,2,1,109,0.06570347061975827,16.0
28,10000003,88,121,73.8,worker,1,0,175,0.03180643192625662,11.200000000000001
29,10000003,88,121,73.8,worker,1,0,112,7.15097818119018e-7,15.5
30,10000003,88,121,73.8,resident,0,1,42,0.009886120980239254,18.3
31,10000003,88,121,73.8,worker,1,0,170,4.627041151473286e-5,13.200000000000001
32,10000003,88,121,73.8,worker,1,0,154,0.18799253997522852,12.700000000000001
33,10000003,88,121,73.8,worker,1,0,140,0.00025490646178096015,11.600000000000001
34,10000003,88,121,73.8,worker,1,0,139,0.006228166442588528,15.100000000000001
35,10000003,88,121,73.8,worker,1,0,193,0.0002142738844527542,13.700000000000001
36,10000003,88,121,73.8,worker,1,0,160,1.8832064883253183e-6,19.200000000000003
37,10000003,88,121,73.8,worker,7,3,136,0.9751123512587265,11.9
38,10000003,88,121,73.8,worker,1,0,162,2.8231303190257186e-5,10.9
39,10000003,88,121,73.8,worker,1,0,121,0.0013008568728934324,11.9
40,10000003,88,121,73.8,worker,1,0,177,0.04295510164714917,13.200000000000001
41,10000003,88,121,73.8,resident,3,19,68,0.3851868986500785,15.3
42,10000003,88,121,73.8,worker,2,1,102,0.2305647101821129,13.3
43,10000003,88,121,73.8,worker,1,0,170,2.007813420176748e-5,12.100000000000001
44,10000003,88,121,73.8,worker,1,0,168,9.823976678238294e-6,11.200000000000001
45,10000003,88,121,73.8,worker,1,0,142,0.03917757035553902,9.3
46,10000003,88,121,73.8,resident,0,1,4,0.0010469607223773166,9.200000000000001
47,10000003,88,121,73.8,worker,1,0,140,1.1179392064523146e-13,9.200000000000001
48,10000003,88,121,73.8,worker,1,0,130,1.5865751295091854e-7,10.9
49,10000003,88,121,73.8,resident,0,1,20,0.005709870853792813,10.700000000000001
50,10000003,88,121,73.8,worker,1,0,185,4.572220410461841e-5,19.1
51,10000003,88,121,73.8,worker,1,0,207,0.0009301128472665217,11.4
52,10000003,88,121,73.8,worker,1,0,187,0.003969886905445737,13.100000000000001
53,10000003,88,121,73.8,worker,1,0,158,0.000579110126925866,11.700000000000001
54,10000003,88,121,73.8,worker,2,0,152,0.031795325096568086,9.5
55,10000003,88,121,73.8,resident,0,2,44,0.03204654633800171,16.1
56,10000003,88,121,73.8,resident,1,1,73,0.06584710825879835,12.600000000000001
57,10000003,88,121,73.8,worker,1,0,120,0.0011996965743201482,11.3
58,10000003,88,121,73.8,worker,1,0,108,0.0012693090885399986,16.400000000000002
59,10000003,88,121,73.8,resident,1,15,58,0.6270232234219245,8.200000000000001
60,10000003,88,121,73.8,worker,1,0,193,0.008592689901726212,9.4
61,10000003,88,121,73.8,resident,0,1,12,2.055291823675069e-10,17.400000000000002
62,10000003,88,121,73.8,worker,1,0,167,5.122754689659956e-5,16.8
63,10000003,88,121,73.8,worker,1,0,157,0.07195372410026919,14.5
64,10000003,88,121,73.8,worker,1,0,105,2.5386669756328387e-5,14.4
65,10000003,88,121,73.8,worker,2,0,109,0.0430164794426645,11.9
66,10000003,88,121,73.8,worker,1,0,128,0.07321982467660981,9.9
67,10000003,88,121,73.8,resident,0,1,47,7.2902201686117556e-6,17.900000000000002
68,10000003,88,121,73.8,resident,0,1,19,1.291351211084986e-7,11.4
69,10000003,88,121,73.8,resident,0,4,75,0.031870755303281983,15.100000000000001
70,10000003,88,121,73.8,worker,1,0,178,0.002335339080051398,13.0
71,10000003,88,121,73.8,resident,0,1,74,5.460017653131131e-8,13.4
72,10000003,88,121,73.8,resident,0,5,87,0.15115955797929598,13.9
73,10000003,88,121,73.8,resident,0,1,83,0.0028801575594977953,10.3
74,10000003,88,121,73.8,resident,1,7,78,0.14669111133074056,14.9
75,10000003,88,121,73.8,resident,0,1,62,0.017073354652912112,12.3
76,10000003,88,121,73.8,worker,1,0,116,7.451837710574145e-6,8.4
77,10000003,88,121,73.8,worker,5,1,186,0.12959240270552558,12.0
78,10000003,88,121,73.8,worker,1,0,140,0.006381328062884528,13.3
79,10000003,88,121,73.8,resident,2,6,27,0.19002381754028227,10.8
80,10000003,88,121,73.8,resident,0,4,32,0.029275847066795674,24.8
81,10000003,88,121,73.8,worker,2,4,89,0.24369830174298543,12.0
82,10000003,88,121,73.8,worker,2,1,109,0.22043853833640178,9.5
83,10000003,88,121,73.8,worker,1,0,133,2.7881428857698624e-6,18.0
84,10000003,88,121,73.8,worker,1,0,164,1.2002894771876178e-6,8.700000000000001
85,10000003,88,121,73.8,worker,5,3,123,0.3214841684173598,14.200000000000001
86,10000003,88,121,73.8,worker,1,0,178,5.33252311972492e-14,21.3
87,10000003,88,121,73.8,worker,5,0,140,0.11582442557003743,12.9
88,10000003,88,121,73.8,worker,1,0,171,0.0007832250708597402,13.200000000000001
89,10000003,88,121,73.8,worker,1,0,186,0.0016698575523998258,17.5
90,10000003,88,121,73.8,resident,1,9,23,0.11560290426076325,11.100000000000001
91,10000003,88,121,73.8,worker,1,0,138,0.0034042922207916794,15.200000000000001
92,10000003,88,121,73.8,worker,1,1,156,0.20616933426048967,16.900000000000002
93,10000003,88,121,73.8,resident,0,1,41,7.678459382797174e-7,13.5
94,10000003,88,121,73.8,worker,12,6,112,0.6468362159356529,13.600000000000001
95,10000003,88,121,73.8,worker,1,1,181,0.5497340117499174,12.3
96,10000003,88,121,73.8,worker,1,0,200,0.029194127892722146,17.1
97,10000003,88,121,73.8,worker,1,0,198,6.696361437411764e-15,13.9
98,10000003,88,121,73.8,resident,0,1,15,0.0002350624153847392,9.4
99,10000003,88,121,73.8,resident,0,1,34,0.013043564904567656,22.6
100,10000003,88,121,73.8,worker,1,0,109,0.0013723250350135214,12.0
101,10000003,88,121,73.8,worker,5,2,125,0.7338091422039528,11.200000000000001
102,10000003,88,121,73.8,worker,1,0,123,4.879325861238277e-6,12.100000000000001
103,10000003,88,121,73.8,resident,0,1,69,0.00017775928202777943,12.100000000000001
104,10000003,88,121,73.8,worker,1,0,126,3.730608537216925e-16,13.100000000000001
105,10000003,88,121,73.8,worker,2,1,136,0.22997446223307322,15.100000000000001
106,10000003,88,121,73.8,resident,0,1,45,0.014410567629547705,10.4
107,10000003,88,121,73.8,worker,1,0,93,0.004702500838603419,11.100000000000001
108,10000003,88,121,73.8,worker,2,0,187,0.04092121155667468,12.100000000000001
109,10000003,88,121,73.8,worker,1,0,124,0.0010521914365134773,8.9
110,10000003,88,121,73.8,worker,7,1,127,0.3135996911647668,11.700000000000001
111,10000003,88,121,73.8,worker,2,0,139,0.022338425392125955,10.4
112,10000003,88,121,73.8,worker,2,0,109,0.0061151630002862015,12.4
113,10000003,88,121,73.8,worker,1,0,147,3.2961506989981503e-7,10.100000000000001
114,10000003,88,121,73.8,worker,1,0,165,9.131581627562518e-13,10.700000000000001
115,10000003,88,121,73.8,worker,2,1,144,0.19837847607059758,11.4
116,10000003,88,121,73.8,worker,1,0,163,2.137825393131289e-5,13.0
117,10000003,88,121,73.8,worker,1,0,185,2.082287145926491e-5,11.100000000000001
118,10000003,88,121,73.8,worker,1,0,102,0.00025030169295355687,11.4
119,10000003,88,121,73.8,worker,1,0,167,7.375168456727207e-7,10.4
120,10000003,88,121,73.8,worker,1,0,124,6.588520615144625e-5,8.200000000000001
121,10000003,88,121,73.8,worker,1,0,111,0.12567375334169711,9.700000000000001
122,10000003,88,121,73.8,worker,1,0,166,0.001729960617845658,10.600000000000001
123,10000003,88,121,73.8,resident,0,3,51,0.04103704740481321,9.700000000000001
124,10000003,88,121,73.8,resident,0,1,86,0.012418696552839436,9.4
125,10000003,88,121,73.8,resident,0,1,30,5.943316956805636e-5,16.7
126,10000003,88,121,73.8,resident,0,1,70,0.004019939116561717,13.8
127,10000003,88,121,73.8,worker,1,0,162,3.6382821613969986e-5,25.700000000000003
128,10000003,88,121,73.8,worker,1,0,129,0.0009870012147124056,9.8
129,10000003,88,121,73.8,worker,1,0,174,0.04819985085001978,10.9
130,10000003,88,121,73.8,worker,1,0,101,4.463330698110017e-6,11.700000000000001
131,10000003,88,121,73.8,resident,0,1,68,0.005105686946364807,11.5
132,10000003,88,121,73.8,resident,0,5,44,0.060090070104576954,10.0
133,10000003,88,121,73.8,worker,1,0,169,0.0003908223349651369,9.0
134,10000003,88,121,73.8,worker,2,0,140,0.0016176143265650505,10.100000000000001
135,10000003,88,121,73.8,resident,1,1,10,0.006933215135652504,15.100000000000001
136,10000003,88,121,73.8,worker,1,0,126,2.954127229011532e-8,18.0
137,10000003,88,121,73.8,worker,1,0,171,3.929829849619989e-7,9.200000000000001
138,10000003,88,121,73.8,worker,1,1,117,0.05887514550669082,12.4
139,10000003,88,121,73.8,worker,4,1,148,0.2940338141111145,10.9
140,10000003,88,121,73.8,resident,0,1,17,9.65836682908586e-5,14.200000000000001
141,10000003,88,121,73.8,worker,1,0,195,0.00010768231540682355,11.5
142,10000003,88,121,73.8,worker,2,1,152,0.06827818297226358,16.1
143,10000003,88,121,73.8,resident,0,20,83,0.7848239797568658,9.9
144,10000003,88,121,73.8,worker,1,0,115,7.357950704789929e-7,17.6
145,10000003,88,121,73.8,worker,1,0,124,9.748164399854975e-6,11.600000000000001
146,10000003,88,121,73.8,worker,1,0,139,0.04798473521800515,14.100000000000001
147,10000003,88,121,73.8,resident,0,1,20,0.005724376745872749,7.7
148,10000003,88,121,73.8,worker,1,0,181,1.7314857933431482e-7,9.700000000000001
149,10000003,88,121,73.8,resident,0,1,9,0.002952386341727124,15.4
150,10000003,88,121,73.8,resident,2,23,83,0.5026919934931499,23.1
151,10000003,88,121,73.8,worker,1,0,168,1.4356326780388385e-11,8.3
152,10000003,88,121,73.8,worker,5,1,146,0.5072467344549186,15.9
153,10000003,88,121,73.8,resident,0,1,13,2.3605367086284727e-9,17.6
154,10000003,88,121,73.8,worker,1,0,114,0.0007217431310391598,17.5
155,10000003,88,121,73.8,worker,6,0,135,0.3492961162842011,9.600000000000001
156,10000003,88,121,73.8,resident,0,3,30,0.020711044030264508,9.200000000000001
157,10000003,88,121,73.8,resident,0,1,1,0.014440871244094792,11.0
158,10000003,88,121,73.8,worker,1,0,173,0.02046382973061866,15.9
159,10000003,88,121,73.8,worker,19,9,127,1.644220984416075,18.1
160,10000003,88,121,73.8,worker,1,0,168,0.00102232060856918,15.200000000000001
161,10000003,88,121,73.8,worker,6,3,137,0.46367703909980207,10.4
162,10000003,88,121,73.8,worker,1,0,118,0.00048176672744710495,10.9
163,10000003,88,121,73.8,worker,1,0,153,0.016364213794991585,10.5
164,10000003,88,121,73.8,worker,1,0,128,2.3765743637392612e-6,10.4
165,10000003,88,121,73.8,worker,2,0,117,0.05110975351224126,13.700000000000001
166,10000003,88,121,73.8,worker,1,0,107,8.723066667058045e-8,12.700000000000001
167,10000003,88,121,73.8,worker,5,1,188,0.4245039635065042,12.9
168,10000003,88,121,73.8,worker,2,0,94,0.17288701015269983,17.1
169,10000003,88,121,73.8,worker,1,0,147,9.370502239846224e-6,13.9
170,10000003,88,121,73.8,worker,1,0,148,0.013852445848324476,11.100000000000001
171,10000003,88,121,73.8,worker,1,0,101,6.768000592088225e-6,14.700000000000001
172,10000003,88,121,73.8,worker,6,4,128,0.28879864430367985,12.100000000000001
173,10000003,88,121,73.8,resident,0,4,66,0.04163861369845312,13.8
174,10000003,88,121,73.8,worker,1,0,162,9.007371526374164e-11,16.3
175,10000003,88,121,73.8,worker,1,0,112,6.378974295176788e-6,12.700000000000001
176,10000003,88,121,73.8,worker,1,0,97,0.00011042094481821993,11.100000000000001
177,10000003,88,121,73.8,worker,1,0,132,4.685406940590603e-7,16.7
178,10000003,88,121,73.8,worker,1,0,199,8.239756647724626e-5,9.200000000000001
179,10000003,88,121,73.8,worker,1,0,165,0.0015448879020814807,12.3
180,10000003,88,121,73.8,worker,1,0,142,3.30732101925862e-8,12.700000000000001
181,10000003,88,121,73.8,resident,0,1,25,2.718270460773869e-5,13.0
182,10000003,88,121,73.8,worker,1,0,137,0.0004095213461103276,10.3
183,10000003,88,121,73.8,resident,0,1,35,0.00010611216680748413,14.0
184,10000003,88,121,73.8,resident,1,5,1,0.10821720224283668,8.8
185,10000003,88,121,73.8,worker,1,0,164,1.668789163018629e-8,18.6
186,10000003,88,121,73.8,worker,1,0,131,0.0004402993471129343,9.1
187,10000003,88,121,73.8,resident,2,7,67,0.18967352832140974,17.0
188,10000003,88,121,73.8,worker,1,0,125,0.0004056354362037995,10.3
189,10000003,88,121,73.8,resident,0,7,80,0.12392710087340929,10.100000000000001
190,10000003,88,121,73.8,worker,1,0,166,0.0008276265802929514,14.700000000000001
191,10000003,88,121,73.8,worker,12,7,99,1.1961514540140308,12.4
192,10000003,88,121,73.8,worker,1,1,174,0.0948769327753683,17.0
193,10000003,88,121,73.8,resident,0,2,58,0.019857353186681626,15.8
194,10000003,88,121,73.8,resident,0,1,44,0.005219222498720527,12.700000000000001
195,10000003,88,121,73.8,resident,0,1,87,9.138430128278628e-5,21.8
196,10000003,88,121,73.8,resident,0,1,76,1.3203815606337363e-5,15.4
197,10000003,88,121,73.8,worker,7,1,130,0.32839683954504095,11.5
198,10000003,88,121,73.8,worker,4,6,140,0.0915953451722967,16.3
199,10000003,88,121,73.8,worker,1,0,110,0.11102728345270327,13.5
200,10000003,88,121,73.8,worker,1,0,94,0.00024098011909099408,10.8
201,10000003,88,121,73.8,resident,0,4,73,0.016152240583786927,13.100000000000001
202,10000003,88,121,73.8,worker,1,0,93,0.0035087817407127796,13.200000000000001
203,10000003,88,121,73.8,resident,0,1,77,0.008800582850621082,14.4
204,10000003,88,121,73.8,worker,1,0,91,3.4538699351612606e-11,12.600000000000001
205,10000003,88,121,73.8,worker,11,3,143,1.4271157543577901,14.700000000000001
206,10000003,88,121,73.8,worker,1,0,98,0.0007630605009812922,15.9
207,10000003,88,121,73.8,resident,1,1,49,0.013226513275515285,10.700000000000001
208,10000003,88,121,73.8,worker,1,0,184,0.00012138692481268888,11.5
209,10000003,88,121,73.8,worker,1,0,91,0.00045233372245919573,11.3
210,10000003,88,121,73.8,resident,0,1,55,4.6977353776717047e-7,15.700000000000001
211,10000003,88,121,73.8,worker,1,0,199,0.008765563661714394,12.0
212,10000003,88,121,73.8,resident,0,2,66,0.01486660804532232,14.700000000000001
213,10000003,88,121,73.8,resident,0,1,2,5.2611524808983285e-6,8.9
214,10000003,88,121,73.8,worker,1,1,132,0.09422641700714472,14.600000000000001
215,10000003,88,121,73.8,worker,1,0,161,3.991338499390803e-6,10.9
216,10000003,88,121,73.8,worker,7,4,126,0.34067087746440927,12.100000000000001
217,10000003,88,121,73.8,resident,0,2,17,0.015362346722189934,14.0
218,10000003,88,121,73.8,worker,1,0,104,2.9653453500119375e-11,13.100000000000001
219,10000003,88,121,73.8,worker,11,5,109,1.5778893393669158,10.0
220,10000003,88,121,73.8,resident,0,1,65,0.01106824022689322,9.700000000000001
221,10000003,88,121,73.8,resident,0,1,27,6.754452648608342e-6,13.4
222,10000003,88,121,73.8,worker,1,0,157,0.00017422796731565485,13.3
223,10000003,88,121,73.8,worker,2,0,147,0.01375943803922354,14.9
224,10000003,88,121,73.8,worker,1,0,166,1.2225040030542772e-10,8.5
225,10000003,88,121,73.8,resident,0,1,60,8.992398691788978e-5,15.200000000000001
226,10000003,88,121,73.8,worker,1,1,203,0.029067740695449276,19.5
227,10000003,88,121,73.8,worker,4,2,201,0.31165223816715565,14.8
228,10000003,88,121,73.8,resident,0,4,34,0.02869330520368898,11.700000000000001
229,10000003,88,121,73.8,resident,2,9,34,0.11629690482593072,15.600000000000001
230,10000003,88,121,73.8,worker,1,0,145,0.0005466627558726436,15.9
231,10000003,88,121,73.8,resident,2,5,37,0.050781767274933214,11.3
232,10000003,88,121,73.8,worker,1,0,186,5.385507665134519e-8,16.5
233,10000003,88,121,73.8,worker,1,0,149,0.0001514512737735243,16.8
234,10000003,88,121,73.8,resident,0,1,55,0.0003168731368749934,10.700000000000001
235,10000003,88,121,73.8,resident,0,1,8,0.004011549519864661,13.200000000000001
236,10000003,88,121,73.8,worker,2,0,145,0.033272121793453555,13.3
237,10000003,88,121,73.8,resident,0,3,50,0.03872202130314273,13.0
238,10000003,88,121,73.8,worker,1,0,136,2.6617512662531505e-7,12.3
239,10000003,88,121,73.8,resident,2,2,76,0.13724328847275272,8.6
240,10000003,88,121,73.8,worker,1,0,195,0.004109847647550418,10.4
241,10000003,88,121,73.8,resident,0,2,56,0.00965759177201768,14.4
242,10000003,88,121,73.8,worker,1,0,96,0.026062279190517595,13.700000000000001
243,10000003,88,121,73.8,resident,0,1,37,1.8143581511868613e-6,13.100000000000001
244,10000003,88,121,73.8,resident,0,1,4,4.4813296277499107e-10,11.5
245,10000003,88,121,73.8,worker,3,2,107,0.2795228509147617,23.5
246,10000003,88,121,73.8,resident,0,2,31,0.020923628251140525,12.5
247,10000003,88,121,73.8,worker,1,0,140,7.195611842504644e-5,15.700000000000001
248,10000003,88,121,73.8,worker,1,0,91,3.415248393665113e-5,24.5
249,10000003,88,121,73.8,resident,0,1,88,1.111684793038675e-12,14.5
250,10000003,88,121,73.8,resident,0,1,13,2.0730274260521542e-8,10.100000000000001
251,10000003,88,121,73.8,worker,1,0,189,0.021570167827007807,12.100000000000001
252,10000003,88,121,73.8,worker,1,2,135,0.3639492989980719,9.600000000000001
253,10000003,88,121,73.8,resident,0,2,82,0.0005730828399968678,18.6
254,10000003,88,121,73.8,worker,2,1,134,0.11261896736666226,17.0
255,10000003,88,121,73.8,worker,1,0,122,0.002055550245787783,12.5
256,10000003,88,121,73.8,worker,1,0,101,0.062077074130317426,12.8
257,10000003,88,121,73.8,resident,0,1,87,0.010269326533564825,12.200000000000001
258,10000003,88,121,73.8,worker,1,0,138,2.0337281565518183e-5,11.8
259,10000003,88,121,73.8,resident,0,1,7,0.0002457477936650336,14.4
260,10000003,88,121,73.8,worker,1,0,153,0.08200060257031325,12.200000000000001
261,10000003,88,121,73.8,worker,1,0,96,0.0012495555859238327,11.5
262,10000003,88,121,73.8,worker,1,0,204,4.62317013592173e-10,12.8
263,10000003,88,121,73.8,worker,1,0,90,1.93983018569694e-6,14.200000000000001
264,10000003,88,121,73.8,worker,1,0,118,5.504014401116324e-8,15.3
265,10000003,88,121,73.8,worker,1,0,99,2.3018424803485813e-5,9.200000000000001
266,10000003,88,121,73.8,resident,0,1,45,9.102923738869378e-17,13.0
267,10000003,88,121,73.8,worker,1,0,201,0.06608187367814666,10.3
268,10000003,88,121,73.8,worker,1,0,92,0.02015215333750588,8.8
269,10000003,88,121,73.8,worker,1,0,183,3.9876278848795483e-5,9.4
270,10000003,88,121,73.8,worker,1,0,136,0.00023571170134595044,10.100000000000001
271,10000003,88,121,73.8,resident,0,3,68,0.07936675858835965,14.0
272,10000003,88,121,73.8,resident,1,7,15,0.0941818122925035,17.400000000000002
273,10000003,88,121,73.8,worker,1,0,188,0.13292499046726577,11.100000000000001
274,10000003,88,121,73.8,resident,0,1,38,4.803032872215218e-6,12.0
275,10000003,88,121,73.8,resident,0,4,17,0.07607148168736107,10.5
276,10000003,88,121,73.8,worker,1,0,101,0.03465154225648535,10.200000000000001
277,10000003,88,121,73.8,resident,0,1,83,5.448275786883198e-5,9.1
278,10000003,88,121,73.8,resident,0,6,43,0.08927296591568051,14.9
279,10000003,88,121,73.8,worker,2,0,149,0.03203173932933948,9.8
280,10000003,88,121,73.8,worker,2,0,141,0.028128778017241913,9.200000000000001
281,10000003,88,121,73.8,worker,1,0,116,2.4417339178337896e-7,13.4
282,10000003,88,121,73.8,worker,2,0,130,0.11391987746095623,10.200000000000001
283,10000003,88,121,73.8,worker,1,0,120,0.008173789695175562,17.2
284,10000003,88,121,73.8,worker,1,0,168,0.032615840376935455,11.5
285,10000003,88,121,73.8,worker,1,0,104,0.0038497030964098314,11.0
286,10000003,88,121,73.8,worker,1,0,164,2.2660923516577148e-15,16.1
287,10000003,88,121,73.8,resident,0,1,11,0.00507403986667279,10.0
288,10000003,88,121,73.8,worker,1,0,115,0.011981719184462739,15.3
289,10000003,88,121,73.8,worker,1,0,175,0.06057943828145599,7.4
290,10000003,88,121,73.8,resident,0,3,31,0.031690327229014485,19.3
291,10000003,88,121,73.8,worker,1,0,174,0.0007312940581803188,12.0
292,10000003,88,121,73.8,worker,1,0,100,0.06303814722913606,11.9
293,10000003,88,121,73.8,resident,0,2,76,0.009357625359806604,19.1
294,10000003,88,121,73.8,worker,1,0,137,8.700610402266804e-9,13.100000000000001
295,10000003,88,121,73.8,worker,1,0,182,1.7759284957030456e-5,9.5
296,10000003,88,121,73.8,worker,6,4,97,0.3520702730865741,11.200000000000001
297,10000003,88,121,73.8,resident,0,1,87,7.344016782437262e-5,11.600000000000001
298,10000003,88,121,73.8,worker,6,1,157,0.165410161595742,12.600000000000001
299,10000003,88,121,73.8,worker,4,1,110,0.5956993128188209,13.200000000000001
300,10000003,88,121,73.8,resident,0,2,24,0.015797200750941584,11.600000000000001
301,10000003,88,121,73.8,resident,3,18,1,0.4827467718316963,13.200000000000001
302,10000003,88,121,73.8,worker,1,0,99,0.00025514533560508867,12.3
303,10000003,88,121,73.8,worker,1,0,109,1.0603275412381176e-12,10.4
304,10000003,88,121,73.8,worker,1,0,145,9.80922704020176e-6,13.600000000000001
305,10000003,88,121,73.8,worker,1,0,98,0.029053582989899584,11.4
306,10000003,88,121,73.8,worker,1,0,121,5.1868832387309245e-5,14.600000000000001
307,10000003,88,121,73.8,resident,0,1,56,0.0003261525785274649,14.5
308,10000003,88,121,73.8,resident,1,1,9,0.022058215369604145,11.100000000000001
309,10000003,88,121,73.8,worker,1,1,198,0.031647844046429154,13.8
310,10000003,88,121,73.8,resident,0,1,17,0.002028800238286409,17.0
311,10000003,88,121,73.8,worker,5,1,128,0.08462418607189785,14.3
312,10000003,88,121,73.8,worker,1,0,101,3.4957444161438536e-5,16.1
313,10000003,88,121,73.8,worker,3,1,104,0.07374808695845886,14.600000000000001
314,10000003,88,121,73.8,worker,1,0,141,0.009137220293034239,11.0
315,10000003,88,121,73.8,worker,1,1,168,0.0088021193289096,13.8
316,10000003,88,121,73.8,worker,4,1,127,0.1637669570966719,10.5
317,10000003,88,121,73.8,worker,1,0,153,0.0007664941193900938,12.4
318,10000003,88,121,73.8,worker,1,0,124,6.299691895586478e-10,8.700000000000001
319,10000003,88,121,73.8,worker,2,0,130,0.05301035740467245,12.600000000000001
320,10000003,88,121,73.8,worker,1,0,130,2.0796905148206617e-6,13.5
321,10000003,88,121,73.8,worker,1,0,96,6.451262626175789e-5,15.700000000000001
322,10000003,88,121,73.8,resident,0,1,81,7.701139008160428e-8,14.3
323,10000003,88,121,73.8,worker,2,0,157,0.006178775494673624,15.0
324,10000003,88,121,73.8,worker,1,0,105,0.013892263066213453,12.0
325,10000003,88,121,73.8,worker,1,0,101,5.3103623377231026e-8,7.0
326,10000003,88,121,73.8,worker,1,0,196,0.04549190788148018,19.5
327,10000003,88,121,73.8,worker,12,6,101,0.8093788098501382,12.5
328,10000003,88,121,73.8,resident,0,1,18,5.650228492174441e-10,8.1
329,10000003,88,121,73.8,worker,2,0,123,0.04632806695352106,11.0
330,10000003,88,121,73.8,resident,2,13,27,0.40337970954181046,10.9
331,10000003,88,121,73.8,worker,1,0,164,2.0860587828159108e-5,24.1
332,10000003,88,121,73.8,resident,0,1,24,0.011407088677999607,16.6
333,10000003,88,121,73.8,worker,1,0,140,2.1345771064439216e-5,13.5
334,10000003,88,121,73.8,worker,1,0,167,0.01922189943130977,11.200000000000001
335,10000003,88,121,73.8,worker,1,0,193,8.950142647737635e-8,11.4
336,10000003,88,121,73.8,worker,3,0,103,0.31338823776711106,12.0
337,10000003,88,121,73.8,resident,0,5,66,0.06842848380703133,14.200000000000001
338,10000003,88,121,73.8,worker,1,0,118,1.0806883657411808e-5,12.3
339,10000003,88,121,73.8,resident,0,2,66,0.0040813011541699865,11.100000000000001
340,10000003,88,121,73.8,resident,1,6,8,0.1966608818590604,13.8
341,10000003,88,121,73.8,resident,2,13,84,0.1626691704520699,12.5
342,10000003,88,121,73.8,worker,1,0,156,0.0010660411801270357,8.3
343,10000003,88,121,73.8,worker,1,0,103,0.004533251663126267,12.600000000000001
344,10000003,88,121,73.8,worker,1,0,90,0.004054978565222276,13.9
345,10000003,88,121,73.8,resident,0,1,32,0.032496767026453294,9.600000000000001
346,10000003,88,121,73.8,worker,1,0,126,1.570906710119297e-6,14.200000000000001
347,10000003,88,121,73.8,worker,1,0,178,0.13564763330443225,13.5
348,10000003,88,121,73.8,worker,1,0,201,0.025237847090494654,11.9
349,10000003,88,121,73.8,resident,0,3,65,0.06349301957424842,10.100000000000001
350,10000003,88,121,73.8,worker,1,0,162,0.04495487633563866,11.9
351,10000003,88,121,73.8,worker,1,0,108,6.023836692440758e-8,12.0
352,10000003,88,121,73.8,resident,0,1,47,0.001377474456817082,15.5
353,10000003,88,121,73.8,resident,2,2,16,0.06685235499532544,12.0
354,10000003,88,121,73.8,resident,0,1,12,6.424247551589381e-6,12.4
355,10000003,88,121,73.8,worker,1,0,112,0.00023951385108575226,15.4
356,10000003,88,121,73.8,worker,1,0,118,0.0006110610649798789,18.400000000000002
357,10000003,88,121,73.8,worker,1,0,157,6.237885038459167e-6,16.0
358,10000003,88,121,73.8,worker,1,0,136,4.864784789709865e-10,9.9
359,10000003,88,121,73.8,worker,5,0,147,0.1322258936856765,16.6
360,10000003,88,121,73.8,worker,1,0,115,0.03654143783202758,11.200000000000001
361,10000003,88,121,73.8,resident,0,2,24,0.07106123061420495,10.3
362,10000003,88,121,73.8,worker,1,0,128,0.05419418644201139,13.700000000000001
363,10000003,88,121,73.8,resident,0,2,44,0.0009634600145177086,12.600000000000001
364,10000003,88,121,73.8,resident,0,3,34,0.16491954946578133,8.9
365,10000003,88,121,73.8,worker,4,6,98,2.036962274495956,11.4
366,10000003,88,121,73.8,worker,1,0,124,0.0008766435591574754,13.700000000000001
367,10000003,88,121,73.8,worker,1,0,169,4.940147976893164e-6,16.5
368,10000003,88,121,73.8,worker,1,0,168,0.0006860498030656004,13.5
369,10000003,88,121,73.8,worker,1,0,130,0.08018683280805804,13.0
370,10000003,88,121,73.8,worker,2,0,115,0.016849134028126305,12.700000000000001
371,10000003,88,121,73.8,worker,1,0,107,9.884752767272015e-6,11.600000000000001
372,10000003,88,121,73.8,worker,1,0,135,0.00015819622022686435,10.600000000000001
373,10000003,88,121,73.8,resident,0,1,70,0.002130588858687919,12.0
374,10000003,88,121,73.8,worker,1,0,182,0.03747286998125949,10.100000000000001
375,10000003,88,121,73.8,resident,2,10,24,0.310531429860475,10.5
376,10000003,88,121,73.8,worker,2,0,132,0.08887492441773448,11.8
377,10000003,88,121,73.8,worker,1,0,164,4.4460625284651363e-7,12.5
378,10000003,88,121,73.8,resident,0,1,80,0.0023658938983455538,12.200000000000001
379,10000003,88,121,73.8,worker,1,0,188,0.00037520182415774013,11.200000000000001
380,10000003,88,121,73.8,worker,1,0,103,0.0003537413724916486,15.4
381,10000003,88,121,73.8,worker,4,1,158,0.30642017942217187,10.100000000000001
382,10000003,88,121,73.8,worker,1,0,136,0.000662604373337236,9.200000000000001
383,10000003,88,121,73.8,worker,1,0,113,0.027287353227285885,13.600000000000001
384,10000003,88,121,73.8,worker,1,0,173,0.007849443887078878,11.5
385,10000003,88,121,73.8,resident,0,1,27,0.024841991657672004,15.0
386,10000003,88,121,73.8,resident,0,8,62,0.11782006450691834,11.4
387,10000003,88,121,73.8,worker,2,0,109,0.1861223561692622,14.5
388,10000003,88,121,73.8,worker,1,0,130,7.08883260802347e-5,9.4
389,10000003,88,121,73.8,resident,0,1,19,0.0031828612947524416,11.200000000000001
390,10000003,88,121,73.8,worker,3,0,106,0.20036813746118196,11.5
391,10000003,88,121,73.8,worker,1,0,125,0.00014137469952202659,9.600000000000001
392,10000003,88,121,73.8,worker,1,0,117,0.0037701407193307867,14.5
393,10000003,88,121,73.8,resident,0,1,48,2.6038193599813232e-6,14.4
394,10000003,88,121,73.8,resident,0,1,77,0.0012853142274464851,9.1
395,10000003,88,121,73.8,worker,2,1,127,0.23706397421446507,10.8
396,10000003,88,121,73.8,worker,2,0,184,0.14368788572041277,10.4
397,10000003,88,121,73.8,worker,1,0,132,2.6045186632886768e-8,10.4
398,10000003,88,121,73.8,worker,1,0,124,8.50047315115794e-12,17.7
399,10000003,88,121,73.8,worker,5,1,145,0.33228114778092427,11.9
400,10000003,88,121,73.8,worker,1,0,116,0.007779097036097459,11.5
401,10000003,88,121,73.8,worker,1,0,128,0.00021576882076795834,16.2
402,10000003,88,121,73.8,resident,0,1,13,0.00013836893021422717,11.700000000000001
403,10000003,88,121,73.8,resident,0,2,81,0.019211087047167688,10.3
404,10000003,88,121,73.8,worker,1,0,129,7.002085185863694e-10,12.100000000000001
405,10000003,88,121,73.8,resident,0,3,65,0.0008706063903161168,12.200000000000001
406,10000003,88,121,73.8,worker,1,0,173,4.950721833268198e-9,16.3
407,10000003,88,121,73.8,resident,0,1,3,0.01171688851306135,12.100000000000001
408,10000003,88,121,73.8,worker,1,0,148,0.024138565225065012,9.9
409,10000003,88,121,73.8,worker,1,0,157,0.017085858508734914,13.3
410,10000003,88,121,73.8,worker,1,0,106,0.005644232370748223,10.600000000000001
411,10000003,88,121,73.8,worker,1,0,145,0.000192836947136336,9.200000000000001
412,10000003,88,121,73.8,worker,1,0,130,0.0023569396642715576,10.0
413,10000003,88,121,73.8,resident,0,12,69,0.08073765016389535,17.2
414,10000003,88,121,73.8,worker,1,0,170,0.00021167777895684872,12.9
415,10000003,88,121,73.8,worker,1,0,168,0.014646556504017567,9.4
416,10000003,88,121,73.8,worker,1,0,130,4.2633847029149657e-5,10.4
417,10000003,88,121,73.8,resident,2,10,84,0.23090509689790165,16.2
418,10000003,88,121,73.8,resident,0,4,54,0.1377717343506964,11.600000000000001
419,10000003,88,121,73.8,worker,7,4,130,0.31644778323619804,11.5
420,10000003,88,121,73.8,resident,0,1,86,0.03878087051096531,12.4
421,10000003,88,121,73.8,worker,1,0,129,2.3561324746711123e-6,13.100000000000001
422,10000003,88,121,73.8,worker,2,1,95,0.20463921337700838,16.3
423,10000003,88,121,73.8,resident,0,1,28,0.005553228979090178,15.0
424,10000003,88,121,73.8,worker,1,0,127,0.008739962943313036,12.4
425,10000003,88,121,73.8,worker,1,0,110,0.0015926138725616509,10.8
426,10000003,88,121,73.8,worker,1,0,175,2.4418810788542125e-7,10.3
427,10000003,88,121,73.8,worker,1,0,143,1.1679265349458215e-6,8.1
428,10000003,88,121,73.8,worker,1,0,153,1.1401808396119444e-7,12.0
429,10000003,88,121,73.8,worker,1,0,101,0.0005924191815635631,9.8
430,10000003,88,121,73.8,resident,0,1,23,2.6017777142807823e-8,11.0
431,10000003,88,121,73.8,worker,1,0,168,0.00011805016979055742,10.8
432,10000003,88,121,73.8,resident,0,1,37,8.482359448295094e-6,13.3
433,10000003,88,121,73.8,worker,1,0,165,5.503964752976973e-6,15.0
434,10000003,88,121,73.8,worker,1,0,167,0.035419637482976774,12.600000000000001
435,10000003,88,121,73.8,worker,1,0,105,0.0002092896470720206,10.700000000000001
436,10000003,88,121,73.8,resident,0,1,37,1.9090862511634846e-5,6.800000000000001
437,10000003,88,121,73.8,worker,1,0,181,4.1438573272729027e-19,10.0
438,10000003,88,121,73.8,worker,1,0,145,7.136005976335415e-8,14.0
439,10000003,88,121,73.8,resident,2,27,11,0.6793614360878264,10.700000000000001
440,10000003,88,121,73.8,worker,1,0,122,0.003947993422017047,14.5
441,10000003,88,121,73.8,resident,0,2,4,0.03420005315047578,10.200000000000001
442,10000003,88,121,73.8,worker,2,0,186,0.27147187604216727,9.200000000000001
443,10000003,88,121,73.8,resident,0,1,53,5.392891313239335e-5,14.0
444,10000003,88,121,73.8,worker,1,0,107,3.467959772911072e-8,12.700000000000001
445,10000003,88,121,73.8,worker,1,0,166,4.105201178523429e-5,12.5
446,10000003,88,121,73.8,resident,0,1,75,0.0006371256397522014,22.200000000000003
447,10000003,88,121,73.8,resident,0,1,2,9.329378941673206e-5,11.100000000000001
448,10000003,88,121,73.8,worker,1,0,137,0.0064399164797734375,16.2
449,10000003,88,121,73.8,resident,0,1,74,0.00023238639456806792,13.0
450,10000003,88,121,73.8,worker,1,0,128,0.0005316651690143743,23.400000000000002
451,10000003,88,121,73.8,resident,0,1,13,0.0009510535558058769,10.9
452,10000003,88,121,73.8,worker,1,0,189,4.870897460612427e-5,17.0
453,10000003,88,121,73.8,resident,0,1,57,3.893199410311621e-10,15.8
454,10000003,88,121,73.8,worker,1,0,192,0.02755241053707485,11.700000000000001
455,10000003,88,121,73.8,worker,1,0,171,0.0021885057632884427,12.5
456,10000003,88,121,73.8,worker,3,4,205,0.775382715979611,11.9
457,10000003,88,121,73.8,worker,1,0,180,2.22156753283032e-11,12.3
458,10000003,88,121,73.8,worker,1,0,171,0.009307421209293032,8.0
459,10000003,88,121,73.8,worker,1,0,126,5.539169928630919e-9,16.900000000000002
460,10000003,88,121,73.8,worker,1,0,203,0.07394240104721683,12.3
461,10000003,88,121,73.8,worker,1,0,155,0.2525623305999345,10.0
462,10000003,88,121,73.8,worker,1,0,99,0.001075768889001809,12.700000000000001
463,10000003,88,121,73.8,worker,1,0,129,2.7766376990102535e-5,13.600000000000001
464,10000003,88,121,73.8,resident,0,2,72,0.008498970115296904,11.600000000000001
465,10000003,88,121,73.8,worker,1,0,198,1.683534321830731e-5,13.9
466,10000003,88,121,73.8,resident,0,1,84,0.00013683041001200994,10.3
467,10000003,88,121,73.8,resident,0,1,6,0.0010597465151737885,14.700000000000001
468,10000003,88,121,73.8,worker,1,1,158,0.031029012929287707,7.4
469,10000003,88,121,73.8,resident,0,1,61,0.023081056787374852,17.1
470,10000003,88,121,73.8,resident,2,17,86,0.5746252973777688,14.600000000000001
471,10000003,88,121,73.8,resident,0,1,62,0.0008158380357295819,8.700000000000001
472,10000003,88,121,73.8,resident,0,1,79,2.2468156371258802e-6,14.4
473,10000003,88,121,73.8,worker,1,0,96,0.0004598430307851345,10.600000000000001
474,10000003,88,121,73.8,worker,1,0,177,1.6421740722054116e-7,11.4
475,10000003,88,121,73.8,worker,5,1,162,0.5589103306501294,13.700000000000001
476,10000003,88,121,73.8,resident,4,16,35,0.6949084356674075,11.0
477,10000003,88,121,73.8,worker,1,0,121,0.014448445102656271,11.3
478,10000003,88,121,73.8,worker,1,0,123,0.0005084237342751035,10.100000000000001
479,10000003,88,121,73.8,resident,0,2,15,0.006638336235675211,12.700000000000001
480,10000003,88,121,73.8,worker,1,0,112,0.0017834313280802878,8.700000000000001
481,10000003,88,121,73.8,worker,4,0,117,0.1574505422454674,10.0
482,10000003,88,121,73.8,worker,1,0,203,7.4904927971393426e-6,8.9
483,10000003,88,121,73.8,resident,2,10,53,0.18586153776913392,12.0
484,10000003,88,121,73.8,worker,1,0,123,0.012338735241458237,10.600000000000001
485,10000003,88,121,73.8,worker,1,0,106,3.4463323641211617e-7,12.200000000000001
486,10000003,88,121,73.8,resident,0,1,14,1.590965534638361e-5,10.0
487,10000003,88,121,73.8,resident,2,3,81,0.051561668265176865,12.8
488,10000003,88,121,73.8,worker,1,1,205,0.14652058607300322,11.0
489,10000003,88,121,73.8,worker,1,0,94,5.071275455741408e-6,14.3
490,10000003,88,121,73.8,resident,0,4,54,0.038134829524063614,9.600000000000001
491,10000003,88,121,73.8,worker,1,0,92,1.1265023903380006e-6,15.8
492,10000003,88,121,73.8,worker,1,0,196,0.00036915235327006867,12.200000000000001
493,10000003,88,121,73.8,worker,1,0,114,0.04584647365686553,10.9
494,10000003,88,121,73.8,worker,3,0,109,0.15537686671803896,12.200000000000001
495,10000003,88,121,73.8,worker,1,0,133,4.017121201688054e-10,11.4
496,10000003,88,121,73.8,worker,1,0,101,0.0030562961845613714,13.3
497,10000003,88,121,73.8,resident,1,6,65,0.15215257999244006,10.100000000000001
498,10000003,88,121,73.8,resident,0,1,56,0.003731146537123217,11.0
499,10000003,88,121,73.8,resident,0,1,57,0.0002667392674692181,15.600000000000001
500,10000003,88,121,73.8,worker,1,0,114,0.010095348137862507,11.3
501,10000003,88,121,73.8,worker,1,0,150,0.0030432329256513085,10.0
502,10000003,88,121,73.8,worker,4,0,151,0.1062799147143962,11.4
503,10000003,88,121,73.8,worker,3,1,180,0.33544987436257145,12.0
504,10000003,88,121,73.8,resident,0,1,69,0.00025768073488371615,14.8
505,10000003,88,121,73.8,worker,1,0,116,7.407806472864658e-23,11.600000000000001
506,10000003,88,121,73.8,worker,3,1,123,0.1058966772285723,13.0
507,10000003,88,121,73.8,worker,1,0,160,0.026798761859630465,13.200000000000001
508,10000003,88,121,73.8,worker,1,0,105,0.036450021623717674,14.100000000000001
509,10000003,88,121,73.8,worker,1,0,157,0.001875131602054952,22.700000000000003
510,10000003,88,121,73.8,worker,4,2,129,0.1759433207516145,15.9
511,10000003,88,121,73.8,worker,1,0,117,0.013552207172647266,13.200000000000001
512,10000003,88,121,73.8,resident,0,1,13,5.520706326352079e-5,11.700000000000001
513,10000003,88,121,73.8,resident,0,1,23,0.000941428519371791,20.900000000000002
514,10000003,88,121,73.8,resident,0,33,80,0.7601760217755049,13.8
515,10000003,88,121,73.8,worker,2,0,113,0.14748247896757255,15.4
516,10000003,88,121,73.8,worker,1,0,140,8.638547353145047e-8,15.200000000000001
517,10000003,88,121,73.8,worker,1,0,165,2.1229910414453694e-10,12.0
518,10000003,88,121,73.8,worker,2,0,163,0.016354109114677263,10.4
519,10000003,88,121,73.8,worker,1,0,135,0.0326123336928437,13.0
520,10000003,88,121,73.8,resident,0,1,44,0.0010294488177998767,15.0
521,10000003,88,121,73.8,worker,1,0,157,2.7600856257008834e-7,9.9
522,10000003,88,121,73.8,worker,1,0,107,0.033758314435269374,13.700000000000001
523,10000003,88,121,73.8,worker,1,0,127,2.258843765388896e-14,10.100000000000001
524,10000003,88,121,73.8,worker,1,0,179,0.016762819743291565,14.200000000000001
525,10000003,88,121,73.8,worker,1,0,158,0.016701094524530415,12.4
526,10000003,88,121,73.8,worker,1,0,133,2.8462488265426126e-7,14.4
527,10000003,88,121,73.8,worker,1,0,184,0.09079304780136441,19.400000000000002
528,10000003,88,121,73.8,worker,1,0,120,5.57162131937456e-5,13.600000000000001
529,10000003,88,121,73.8,worker,1,0,142,0.00010239518789890101,15.3
530,10000003,88,121,73.8,worker,1,0,137,6.341376545542516e-6,13.100000000000001
531,10000003,88,121,73.8,worker,1,0,102,1.4508393122027372e-6,12.100000000000001
532,10000003,88,121,73.8,worker,1,0,148,0.033158975710342126,15.8
533,10000003,88,121,73.8,worker,1,0,199,0.08854988266121785,15.8
534,10000003,88,121,73.8,worker,2,0,105,0.07143370563734308,10.8
535,10000003,88,121,73.8,resident,1,11,1,0.19574479709335757,20.0
536,10000003,88,121,73.8,resident,0,1,25,0.0036441571658376005,13.600000000000001
537,10000003,88,121,73.8,worker,1,0,112,0.00014877500393514247,13.700000000000001
538,10000003,88,121,73.8,resident,1,5,35,0.07846008310880592,11.3
539,10000003,88,121,73.8,worker,1,0,176,0.010477743478014591,14.4
540,10000003,88,121,73.8,worker,4,0,176,0.7855718363771313,11.3
541,10000003,88,121,73.8,resident,0,1,51,0.00036082907218245523,11.5
542,10000003,88,121,73.8,resident,0,1,4,0.012017425531403156,13.5
543,10000003,88,121,73.8,resident,0,1,63,0.0006288919111161603,9.3
544,10000003,88,121,73.8,worker,1,0,109,0.0005041009284226691,10.4
545,10000003,88,121,73.8,worker,8,6,172,0.6020316233767385,12.8
546,10000003,88,121,73.8,worker,1,0,163,0.010141944703217406,16.0
547,10000003,88,121,73.8,worker,1,0,145,0.00017958372298529078,13.5
548,10000003,88,121,73.8,worker,1,0,95,0.10604960876052859,10.9
549,10000003,88,121,73.8,resident,0,1,57,0.0032507394927719854,12.600000000000001
550,10000003,88,121,73.8,worker,1,0,90,0.002047328857482911,12.100000000000001
551,10000003,88,121,73.8,worker,1,0,105,0.0003962444545186239,12.100000000000001
552,10000003,88,121,73.8,worker,2,1,175,0.07733711361758269,14.600000000000001
553,10000003,88,121,73.8,worker,1,0,101,0.0008483878989640007,11.9
554,10000003,88,121,73.8,resident,0,8,75,0.18895533582061524,11.3
555,10000003,88,121,73.8,worker,1,0,195,0.002886999403631723,14.600000000000001
556,10000003,88,121,73.8,worker,1,0,168,0.001340854084537815,11.200000000000001
557,10000003,88,121,73.8,worker,1,0,157,0.03404919119662632,11.0
558,10000003,88,121,73.8,worker,1,0,147,4.8121026620402805e-9,15.700000000000001
559,10000003,88,121,73.8,resident,1,17,75,0.2032663271586251,18.2
560,10000003,88,121,73.8,resident,0,1,66,0.0003094111281199462,18.2
561,10000003,88,121,73.8,worker,1,0,189,0.003803013604364816,12.5
562,10000003,88,121,73.8,worker,1,1,136,0.02039088702104111,14.3
563,10000003,88,121,73.8,resident,0,1,29,0.0034037951166116,12.0
564,10000003,88,121,73.8,worker,1,0,158,0.010473630666582035,16.5
565,10000003,88,121,73.8,worker,4,1,165,0.1427129763601094,10.3
566,10000003,88,121,73.8,resident,1,8,9,0.16085968841166826,9.700000000000001
567,10000003,88,121,73.8,worker,1,0,205,0.0030082171836538518,15.700000000000001
568,10000003,88,121,73.8,worker,1,0,129,0.0006913108845675124,11.5
569,10000003,88,121,73.8,worker,1,0,169,0.0028315885431941003,16.3
570,10000003,88,121,73.8,resident,1,17,22,0.42625298029332315,14.700000000000001
571,10000003,88,121,73.8,worker,2,0,129,0.04104046428989422,11.600000000000001
572,10000003,88,121,73.8,worker,1,0,123,4.468447048555996e-33,13.600000000000001
573,10000003,88,121,73.8,worker,1,0,92,4.55428568979424e-5,8.0
574,10000003,88,121,73.8,worker,1,0,103,0.009685609248837834,14.0
575,10000003,88,121,73.8,worker,1,0,136,3.021606216439105e-11,12.5
576,10000003,88,121,73.8,worker,2,1,101,0.016980582774829774,9.8
577,10000003,88,121,73.8,resident,0,1,34,0.015837828278620455,12.200000000000001
578,10000003,88,121,73.8,worker,1,0,195,2.5538027540283617e-5,9.1
579,10000003,88,121,73.8,resident,0,1,34,0.009147203876932845,13.5
580,10000003,88,121,73.8,worker,1,0,146,0.0004125894988245817,12.100000000000001
581,10000003,88,121,73.8,worker,1,0,171,7.427402706804406e-6,12.0
582,10000003,88,121,73.8,resident,0,1,85,0.0003821955370374012,12.4
583,10000003,88,121,73.8,resident,0,1,83,1.440923518462833e-10,11.0
584,10000003,88,121,73.8,worker,2,0,151,0.008557312153759659,14.600000000000001
585,10000003,88,121,73.8,worker,1,0,151,3.5712849448934037e-7,13.600000000000001
586,10000003,88,121,73.8,worker,1,0,147,0.0007538248705327525,12.200000000000001
587,10000003,88,121,73.8,worker,4,2,158,0.12886421916205226,14.4
588,10000003,88,121,73.8,resident,0,31,31,1.1507306336877585,10.8
589,10000003,88,121,73.8,worker,1,0,145,0.0001434935245693851,13.3
590,10000003,88,121,73.8,worker,1,0,115,1.7055404145150334e-6,12.700000000000001
591,10000003,88,121,73.8,worker,1,0,146,9.288908808652379e-7,10.4
592,10000003,88,121,73.8,worker,5,0,123,0.06929428842608214,21.700000000000003
593,10000003,88,121,73.8,resident,0,1,20,1.0954414189125001e-5,14.600000000000001
594,10000003,88,121,73.8,worker,1,0,126,0.016489082757322256,12.600000000000001
595,10000003,88,121,73.8,worker,1,0,154,0.00548641030237874,14.100000000000001
596,10000003,88,121,73.8,worker,1,0,156,3.3663316917413244e-5,10.700000000000001
597,10000003,88,121,73.8,worker,1,0,162,6.133385215622126e-12,10.4
598,10000003,88,121,73.8,worker,5,2,158,0.11724507810315882,18.2
599,10000003,88,121,73.8,worker,2,0,168,0.08644215857673976,13.700000000000001
600,10000003,88,121,73.8,worker,1,0,128,2.8046465404894718e-15,12.8
601,10000003,88,121,73.8,worker,1,0,170,0.08536130996953345,18.400000000000002
602,10000003,88,121,73.8,worker,3,0,152,0.15273404545721755,11.4
603,10000003,88,121,73.8,worker,13,5,170,0.7157581936536326,14.600000000000001
604,10000003,88,121,73.8,resident,0,1,70,5.5480831057710114e-5,11.700000000000001
605,10000003,88,121,73.8,worker,1,0,114,0.07087974408173024,15.4
606,10000003,88,121,73.8,resident,1,7,16,0.1566961030037662,16.400000000000002
607,10000003,88,121,73.8,resident,1,5,50,0.25364453163979195,10.8
608,10000003,88,121,73.8,worker,1,0,166,0.003892943154941153,10.0
609,10000003,88,121,73.8,worker,3,1,94,0.20419662688970514,14.200000000000001
610,10000003,88,121,73.8,worker,1,0,168,1.5435505222652772e-6,13.3
611,10000003,88,121,73.8,worker,7,2,141,0.4662463576990773,12.9
612,10000003,88,121,73.8,worker,1,0,200,1.9721894580075296e-5,11.700000000000001
613,10000003,88,121,73.8,worker,1,0,180,0.019119517601569207,13.600000000000001
614,10000003,88,121,73.8,worker,3,1,153,0.07870089862856018,15.700000000000001
615,10000003,88,121,73.8,resident,0,1,55,9.170243519128677e-8,16.7
616,10000003,88,121,73.8,worker,1,0,120,0.005776330283891475,22.3
617,10000003,88,121,73.8,worker,1,0,194,0.011872890070218986,13.100000000000001
618,10000003,88,121,73.8,worker,1,0,147,0.03131404336242483,14.600000000000001
619,10000003,88,121,73.8,worker,2,1,158,0.159702326484612,12.9
620,10000003,88,121,73.8,worker,2,0,148,0.018792218873615624,13.0
621,10000003,88,121,73.8,resident,2,8,19,0.31433750648982944,12.700000000000001
622,10000003,88,121,73.8,worker,4,0,124,0.08358476877181188,14.8
623,10000003,88,121,73.8,worker,1,0,126,3.175897051494899e-13,10.700000000000001
624,10000003,88,121,73.8,worker,3,0,116,0.028784548680730656,19.0
625,10000003,88,121,73.8,resident,0,1,67,0.000747567090272462,13.200000000000001
626,10000003,88,121,73.8,resident,0,1,27,1.5033190516583732e-7,10.3
627,10000003,88,121,73.8,resident,0,10,33,0.10506073006853543,13.8
628,10000003,88,121,73.8,worker,1,0,158,0.00013151089789513514,9.200000000000001
629,10000003,88,121,73.8,resident,4,15,7,0.45261268325435444,15.8
630,10000003,88,121,73.8,resident,0,1,19,7.982905430680225e-8,10.9
631,10000003,88,121,73.8,resident,0,1,33,9.056042949048911e-9,12.0
632,10000003,88,121,73.8,worker,1,0,99,1.3958280327300956e-5,7.9
633,10000003,88,121,73.8,worker,1,0,140,1.3490107799733583e-7,12.100000000000001
634,10000003,88,121,73.8,resident,0,1,87,0.00012950577695997897,9.4
635,10000003,88,121,73.8,worker,1,0,175,0.007718752044493971,12.200000000000001
636,10000003,88,121,73.8,worker,1,0,198,2.1545757143551443e-6,11.9
637,10000003,88,121,73.8,worker,1,0,169,0.2905593317345075,12.4
638,10000003,88,121,73.8,worker,1,0,195,0.00958611429237955,10.4
639,10000003,88,121,73.8,resident,0,1,64,0.014216399836798682,9.0
640,10000003,88,121,73.8,resident,0,1,19,1.5175013909249542e-5,12.0
641,10000003,88,121,73.8,worker,1,0,136,1.6778367341645862e-6,19.700000000000003
642,10000003,88,121,73.8,worker,1,0,195,0.05470847088189843,14.700000000000001
643,10000003,88,121,73.8,resident,0,1,13,3.4337659093970956e-11,17.400000000000002
644,10000003,88,121,73.8,resident,0,1,42,0.013746005881952744,16.1
645,10000003,88,121,73.8,worker,1,0,192,0.05519062273173621,20.1
646,10000003,88,121,73.8,worker,1,0,127,2.8584704102916436e-10,18.7
647,10000003,88,121,73.8,resident,0,1,59,0.00020771140479695368,11.4
648,10000003,88,121,73.8,worker,1,0,141,9.005567892888981e-5,13.5
649,10000003,88,121,73.8,worker,5,1,203,0.4940844303484535,12.9
650,10000003,88,121,73.8,resident,0,7,18,0.29400458727796674,8.1
651,10000003,88,121,73.8,resident,0,1,6,0.0004439792155041878,16.8
652,10000003,88,121,73.8,worker,1,0,163,8.021428891911146e-5,15.200000000000001
653,10000003,88,121,73.8,worker,1,0,168,0.004096369856950674,12.100000000000001
654,10000003,88,121,73.8,worker,1,0,121,9.318959715800052e-8,11.8
655,10000003,88,121,73.8,worker,1,0,160,0.028891270279290282,10.0
656,10000003,88,121,73.8,worker,3,1,99,0.14818959670911191,9.5
657,10000003,88,121,73.8,resident,3,4,34,0.14514767979616075,15.0
658,10000003,88,121,73.8,resident,0,1,40,0.001553374933317495,12.9
659,10000003,88,121,73.8,worker,1,0,108,1.2632688797317482e-5,11.700000000000001
660,10000003,88,121,73.8,resident,0,1,28,0.013474544584467707,12.0
661,10000003,88,121,73.8,resident,0,1,86,0.00029611624192630426,15.5
662,10000003,88,121,73.8,worker,5,1,149,0.7800406099382172,10.0
663,10000003,88,121,73.8,resident,0,9,63,0.15561054235854396,11.700000000000001
664,10000003,88,121,73.8,worker,1,0,124,0.00334800475952301,11.100000000000001
665,10000003,88,121,73.8,resident,0,1,53,0.00014411057258993068,15.5
666,10000003,88,121,73.8,worker,3,6,109,0.25669290703168934,11.8
667,10000003,88,121,73.8,worker,2,1,108,0.16253248521338542,14.600000000000001
668,10000003,88,121,73.8,worker,1,0,189,0.009587340769878357,9.5
669,10000003,88,121,73.8,worker,1,1,120,0.027624221486470524,14.700000000000001
670,10000003,88,121,73.8,resident,0,10,73,0.26528481389898895,11.9
671,10000003,88,121,73.8,worker,1,0,153,0.0008717967205283898,8.8
672,10000003,88,121,73.8,worker,3,1,136,0.1690117204108906,15.100000000000001
673,10000003,88,121,73.8,worker,1,0,141,0.024847216353692577,14.100000000000001
674,10000003,88,121,73.8,resident,0,1,49,0.006560462709244249,11.5
675,10000003,88,121,73.8,resident,1,4,81,0.030232129646790267,18.1
676,10000003,88,121,73.8,resident,0,1,8,9.503192723563199e-8,10.100000000000001
677,10000003,88,121,73.8,resident,1,14,53,0.23774406176841825,10.600000000000001
678,10000003,88,121,73.8,worker,1,0,207,8.83991729416435e-5,13.200000000000001
679,10000003,88,121,73.8,resident,0,2,32,0.02103196717491961,12.9
680,10000003,88,121,73.8,worker,1,0,192,1.0902298443251271e-13,16.0
681,10000003,88,121,73.8,worker,1,0,206,9.338531178137603e-5,13.4
682,10000003,88,121,73.8,worker,1,0,97,0.0001714037496470779,11.3
683,10000003,88,121,73.8,worker,1,1,181,0.10640772009786129,12.4
684,10000003,88,121,73.8,resident,0,1,20,2.0253827009107596e-7,10.9
685,10000003,88,121,73.8,worker,1,0,97,3.016445200912511e-5,15.200000000000001
686,10000003,88,121,73.8,resident,0,1,50,0.013964291075047297,15.0
687,10000003,88,121,73.8,worker,1,0,101,9.193837772947574e-5,13.600000000000001
688,10000003,88,121,73.8,worker,2,0,161,0.011623030254384102,8.200000000000001
689,10000003,88,121,73.8,worker,1,0,127,8.653974543658781e-6,9.200000000000001
690,10000003,88,121,73.8,worker,5,3,131,1.3962909806345936,11.0
691,10000003,88,121,73.8,worker,1,0,120,0.010807077411936254,13.4
692,10000003,88,121,73.8,resident,0,1,87,0.0002814925216463647,14.4
693,10000003,88,121,73.8,worker,1,1,124,0.00245153424840735,10.600000000000001
694,10000003,88,121,73.8,resident,2,5,68,0.0962432645736817,18.900000000000002
695,10000003,88,121,73.8,worker,2,1,148,0.04546573770285202,8.700000000000001
696,10000003,88,121,73.8,worker,1,0,157,4.6080285054659726e-8,13.0
697,10000003,88,121,73.8,resident,1,3,5,0.05505027874317171,14.100000000000001
698,10000003,88,121,73.8,worker,1,0,192,0.00014895620041354565,10.8
699,10000003,88,121,73.8,resident,0,1,15,0.004467426436161639,13.0
700,10000003,88,121,73.8,worker,1,0,152,0.11793903121595775,12.5
701,10000003,88,121,73.8,worker,1,0,117,8.913340841739968e-6,10.8
702,10000003,88,121,73.8,worker,1,0,144,0.010543369978027376,11.3
703,10000003,88,121,73.8,resident,0,4,45,0.08593521380556207,16.400000000000002
704,10000003,88,121,73.8,worker,1,0,188,1.378971809581707e-18,14.200000000000001
705,10000003,88,121,73.8,resident,0,1,87,1.193425800323746e-7,9.200000000000001
706,10000003,88,121,73.8,worker,4,0,137,0.12512457668990992,15.3
707,10000003,88,121,73.8,worker,1,0,134,3.135944695645138e-8,13.100000000000001
708,10000003,88,121,73.8,worker,1,2,92,0.07927427184301569,10.600000000000001
709,10000003,88,121,73.8,worker,1,0,141,6.143792631689835e-10,12.600000000000001
710,10000003,88,121,73.8,worker,2,0,104,0.047894661955998015,22.5
711,10000003,88,121,73.8,worker,1,0,165,2.1484607920913282e-7,12.3
712,10000003,88,121,73.8,worker,2,0,189,0.03700039412467136,13.5
713,10000003,88,121,73.8,resident,0,4,21,0.09519088190321512,9.5
714,10000003,88,121,73.8,worker,2,1,151,0.1353063807370371,17.7
715,10000003,88,121,73.8,worker,1,0,104,1.797547769031825e-10,13.600000000000001
716,10000003,88,121,73.8,worker,1,0,169,0.0005449095658848348,11.100000000000001
717,10000003,88,121,73.8,worker,2,4,126,0.285271678468829,13.3
718,10000003,88,121,73.8,resident,0,2,2,0.0030357161433044403,14.200000000000001
719,10000003,88,121,73.8,resident,0,1,57,6.887286813985404e-6,7.800000000000001
720,10000003,88,121,73.8,worker,4,0,122,0.17223127885292747,12.8
721,10000003,88,121,73.8,worker,1,0,107,0.00014795577267168238,14.4
722,10000003,88,121,73.8,worker,1,0,112,8.382270148085487e-6,14.4
723,10000003,88,121,73.8,resident,0,1,5,0.01186293906382666,14.3
724,10000003,88,121,73.8,resident,2,9,68,0.2051049121491449,19.0
725,10000003,88,121,73.8,resident,0,1,30,1.20535935972093e-6,10.5
726,10000003,88,121,73.8,worker,1,0,189,0.000363614180250038,12.5
727,10000003,88,121,73.8,worker,1,0,107,0.04173547426817419,8.5
728,10000003,88,121,73.8,resident,0,1,66,0.0017519919852847649,9.700000000000001
729,10000003,88,121,73.8,resident,0,1,68,6.537902896946002e-6,9.9
730,10000003,88,121,73.8,worker,1,0,172,1.115783558792002e-6,10.0
731,10000003,88,121,73.8,resident,0,1,5,1.4011305690254072e-6,19.0
732,10000003,88,121,73.8,worker,1,0,150,0.061778154770045814,9.3
733,10000003,88,121,73.8,worker,1,0,92,0.006078620959749533,12.5
734,10000003,88,121,73.8,resident,0,1,18,0.0023208200231446033,15.8
735,10000003,88,121,73.8,worker,6,0,168,0.1403841015033823,13.0
736,10000003,88,121,73.8,worker,2,0,140,0.004211432251281959,9.8
737,10000003,88,121,73.8,worker,1,0,149,0.005516822802143498,16.1
738,10000003,88,121,73.8,worker,5,5,145,0.6905710969675761,12.8
739,10000003,88,121,73.8,worker,1,0,169,0.015364206161412155,14.8
740,10000003,88,121,73.8,resident,0,1,54,0.0001472126515645808,17.0
741,10000003,88,121,73.8,worker,1,0,158,5.319690867196334e-5,14.9
742,10000003,88,121,73.8,resident,0,2,3,0.024263119973666643,14.5
743,10000003,88,121,73.8,resident,0,1,46,0.002051503720573893,17.400000000000002
744,10000003,88,121,73.8,worker,9,2,147,0.33758023071544024,12.4
745,10000003,88,121,73.8,resident,4,25,1,0.6360705310256626,12.4
746,10000003,88,121,73.8,worker,1,0,95,5.222027718397194e-8,17.400000000000002
747,10000003,88,121,73.8,worker,1,0,166,0.000200807658280857,21.1
748,10000003,88,121,73.8,worker,1,0,154,1.4746221457586664e-9,13.5
749,10000003,88,121,73.8,worker,1,0,101,0.00040818737134783303,14.100000000000001
750,10000003,88,121,73.8,worker,1,0,205,2.9830970553500575e-5,12.600000000000001
751,10000003,88,121,73.8,worker,1,0,107,0.00189573095094716,18.1
752,10000003,88,121,73.8,worker,1,0,103,4.6608460346029507e-11,11.600000000000001
753,10000003,88,121,73.8,worker,2,1,106,0.13101905066443814,8.9
754,10000003,88,121,73.8,worker,1,0,99,3.0835043716635535e-5,8.9
755,10000003,88,121,73.8,worker,1,0,114,4.643056918306448e-8,8.9
756,10000003,88,121,73.8,worker,1,0,100,2.441432657596086e-15,10.4
757,10000003,88,121,73.8,worker,2,0,103,0.00859355893033498,13.700000000000001
758,10000003,88,121,73.8,worker,1,1,139,0.11792272314204001,17.0
759,10000003,88,121,73.8,worker,1,0,189,2.1766428116959585e-8,11.100000000000001
760,10000003,88,121,73.8,worker,1,0,168,0.0019638441491659007,8.8
761,10000003,88,121,73.8,resident,0,2,67,0.025246739601486497,13.100000000000001
762,10000003,88,121,73.8,resident,0,1,58,0.021769278346292893,12.700000000000001
763,10000003,88,121,73.8,worker,1,0,123,0.0006942153440855501,11.700000000000001
764,10000003,88,121,73.8,worker,1,0,151,4.907920076739546e-6,11.5
765,10000003,88,121,73.8,worker,1,0,106,0.001307873300223636,12.5
766,10000003,88,121,73.8,worker,1,0,199,0.003790533480591126,12.9
767,10000003,88,121,73.8,worker,1,0,123,0.012612015468697522,14.4
768,10000003,88,121,73.8,resident,0,1,51,2.811479295544759e-7,12.700000000000001
769,10000003,88,121,73.8,worker,11,6,114,1.5986750407327681,14.600000000000001
770,10000003,88,121,73.8,worker,1,0,193,0.00033899604715012765,15.3
771,10000003,88,121,73.8,worker,4,1,130,0.04691303452049494,13.8
772,10000003,88,121,73.8,worker,1,0,97,6.100492124316456e-5,13.5
773,10000003,88,121,73.8,worker,1,0,122,3.283000654007303e-5,9.5
774,10000003,88,121,73.8,worker,2,3,115,0.5136519131844364,10.5
775,10000003,88,121,73.8,worker,1,0,117,0.00043977174423778776,14.700000000000001
776,10000003,88,121,73.8,resident,0,1,44,0.002096563227064858,12.5
777,10000003,88,121,73.8,worker,1,0,198,2.2883719520051905e-5,10.100000000000001
778,10000003,88,121,73.8,resident,0,5,44,0.174148819404103,14.3
779,10000003,88,121,73.8,worker,1,0,163,3.3425711618776015e-7,11.700000000000001
780,10000003,88,121,73.8,resident,0,1,86,6.418178013922299e-5,12.9
781,10000003,88,121,73.8,worker,1,0,130,0.0028450872502539287,9.5
782,10000003,88,121,73.8,resident,0,2,10,0.011649290426280526,10.4
783,10000003,88,121,73.8,worker,2,0,107,0.03407308166781203,16.6
784,10000003,88,121,73.8,worker,3,1,107,0.36533517437220064,10.200000000000001
785,10000003,88,121,73.8,worker,1,0,137,0.0033430858674034017,10.9
786,10000003,88,121,73.8,worker,3,1,182,0.10434037086935116,11.0
787,10000003,88,121,73.8,worker,1,0,174,1.3769879526042991e-9,18.7
788,10000003,88,121,73.8,worker,1,0,115,0.07542145205144717,16.2
789,10000003,88,121,73.8,worker,1,0,137,0.0011021821701186216,10.200000000000001
790,10000003,88,121,73.8,worker,1,0,177,1.3678811759875922e-7,14.5
791,10000003,88,121,73.8,worker,1,0,190,0.0003915545931832706,15.100000000000001
792,10000003,88,121,73.8,worker,2,0,198,0.03769884409731601,9.0
793,10000003,88,121,73.8,resident,0,1,40,1.3426053993986539e-15,14.5
794,10000003,88,121,73.8,worker,1,0,118,0.003556356393050412,10.200000000000001
795,10000003,88,121,73.8,worker,1,0,186,0.0007419307110358264,15.0
796,10000003,88,121,73.8,resident,0,1,33,0.0034543112321155233,9.5
797,10000003,88,121,73.8,resident,1,7,28,0.26461785619186895,10.5
798,10000003,88,121,73.8,worker,1,0,105,0.03673645998322149,12.4
799,10000003,88,121,73.8,worker,1,0,149,0.10086093608619867,8.9
800,10000003,88,121,73.8,worker,6,2,141,0.23806827219055376,11.600000000000001
801,10000003,88,121,73.8,worker,1,0,105,0.0011968902544151018,16.0
802,10000003,88,121,73.8,worker,12,9,132,1.7197652047608216,13.700000000000001
803,10000003,88,121,73.8,resident,0,12,15,0.30355348082091216,12.8
804,10000003,88,121,73.8,worker,1,0,145,0.0001467346664491515,10.0
805,10000003,88,121,73.8,resident,0,1,75,0.015045236977989459,13.3
806,10000003,88,121,73.8,resident,0,1,40,0.008111207322378543,11.9
807,10000003,88,121,73.8,worker,1,0,206,2.645748101567168e-5,11.5
808,10000003,88,121,73.8,worker,1,0,124,0.000368671741125199,14.0
809,10000003,88,121,73.8,worker,1,0,161,0.00045349635534306716,13.3
810,10000003,88,121,73.8,worker,4,2,129,0.1571783448945384,12.5
811,10000003,88,121,73.8,resident,0,1,23,1.1180947462019594e-10,9.200000000000001
812,10000003,88,121,73.8,worker,1,0,149,0.010089459383865428,11.100000000000001
813,10000003,88,121,73.8,worker,1,0,193,0.032206228274043805,8.200000000000001
814,10000003,88,121,73.8,resident,0,1,35,1.5720549944301712e-8,15.100000000000001
815,10000003,88,121,73.8,worker,7,3,151,0.49932148893941025,10.0
816,10000003,88,121,73.8,worker,1,0,145,1.3522504404005677e-7,16.0
817,10000003,88,121,73.8,worker,1,0,146,0.00288086285727953,13.3
818,10000003,88,121,73.8,resident,0,7,7,0.1745190311404402,12.8
819,10000003,88,121,73.8,resident,0,1,87,1.4367501048065922e-5,12.9
820,10000003,88,121,73.8,resident,0,1,53,0.0009452983595832175,8.3
821,10000003,88,121,73.8,worker,1,0,150,0.004407852705450832,10.600000000000001
822,10000003,88,121,73.8,worker,2,0,110,0.1154928948652984,13.200000000000001
823,10000003,88,121,73.8,worker,3,0,91,0.18144018611065554,12.600000000000001
824,10000003,88,121,73.8,worker,1,0,130,0.0003013632896586343,15.0
825,10000003,88,121,73.8,worker,1,0,109,1.9863344617777824e-6,11.3
826,10000003,88,121,73.8,worker,1,0,129,4.405865123855427e-17,14.5
827,10000003,88,121,73.8,worker,1,0,156,0.008967579816522997,18.5
828,10000003,88,121,73.8,worker,1,0,120,0.21710820512516193,11.9
829,10000003,88,121,73.8,worker,4,2,145,0.33447045906448775,9.8
830,10000003,88,121,73.8,resident,0,1,78,0.001953251614919617,11.8
831,10000003,88,121,73.8,worker,1,0,139,1.066972692469183e-6,12.600000000000001
832,10000003,88,121,73.8,resident,0,1,5,0.007647293905389844,22.400000000000002
833,10000003,88,121,73.8,worker,2,0,124,0.06487214734144746,14.4
834,10000003,88,121,73.8,worker,1,0,186,0.0015172094581490053,19.8
835,10000003,88,121,73.8,resident,0,1,16,0.000723886944189518,10.100000000000001
836,10000003,88,121,73.8,resident,8,30,4,1.1154914967784781,15.3
837,10000003,88,121,73.8,worker,1,0,119,2.9655516761550092e-6,13.3
838,10000003,88,121,73.8,worker,1,0,93,0.0016867215532680572,10.4
839,10000003,88,121,73.8,worker,1,0,124,1.0277814958534977e-5,14.4
840,10000003,88,121,73.8,resident,2,7,53,0.1559186951904506,12.600000000000001
841,10000003,88,121,73.8,worker,3,2,115,0.07691596103767044,10.3
842,10000003,88,121,73.8,resident,4,51,88,1.6951695798631001,17.8
843,10000003,88,121,73.8,resident,0,1,74,0.003969763491766651,8.6
844,10000003,88,121,73.8,worker,2,0,204,0.2626295844816927,12.100000000000001
845,10000003,88,121,73.8,worker,1,0,107,0.0009029698894818697,7.800000000000001
846,10000003,88,121,73.8,worker,1,0,89,2.0455084530738335e-6,13.8
847,10000003,88,121,73.8,worker,1,0,122,0.0001987980890894562,14.4
848,10000003,88,121,73.8,worker,1,0,196,0.030431222631185886,15.600000000000001
849,10000003,88,121,73.8,worker,1,0,202,3.1677232934224625e-5,9.3
850,10000003,88,121,73.8,worker,1,0,96,0.0007664590491301398,10.700000000000001
851,10000003,88,121,73.8,worker,1,0,164,4.3926055008181276e-7,15.4
852,10000003,88,121,73.8,worker,1,0,164,1.7906431396920564e-5,12.600000000000001
853,10000003,88,121,73.8,worker,1,0,198,3.398479989585454e-5,12.4
854,10000003,88,121,73.8,worker,1,0,152,0.0015909096272775638,11.4
855,10000003,88,121,73.8,worker,1,0,146,1.557681839372103e-5,9.600000000000001
856,10000003,88,121,73.8,worker,1,0,202,0.0011011506195145841,12.0
857,10000003,88,121,73.8,worker,4,0,140,0.07937278080699746,12.700000000000001
858,10000003,88,121,73.8,worker,1,0,103,0.0002940004078675967,13.9
859,10000003,88,121,73.8,resident,2,8,31,0.1374016948097488,9.700000000000001
860,10000003,88,121,73.8,worker,1,0,105,0.0009287377965382511,15.100000000000001
861,10000003,88,121,73.8,worker,1,0,105,0.0029610451960430605,11.0
862,10000003,88,121,73.8,resident,0,1,38,4.466823148840136e-5,11.3
863,10000003,88,121,73.8,worker,1,0,112,1.580486140131942e-9,11.0
864,10000003,88,121,73.8,worker,1,0,156,8.254488208057327e-5,12.8
865,10000003,88,121,73.8,worker,1,0,178,1.6306794913421187e-9,15.5
866,10000003,88,121,73.8,worker,3,1,142,0.5531126262280271,10.3
867,10000003,88,121,73.8,worker,1,0,141,2.4975230511782355e-5,10.4
868,10000003,88,121,73.8,resident,0,1,46,0.03412554021063926,13.4
869,10000003,88,121,73.8,worker,1,0,99,1.6445140968510831e-12,15.600000000000001
870,10000003,88,121,73.8,resident,0,1,42,0.00011240109409650001,6.0
871,10000003,88,121,73.8,resident,0,2,52,0.008364481320923748,8.200000000000001
872,10000003,88,121,73.8,resident,0,1,53,0.0007260173955615618,11.5
873,10000003,88,121,73.8,resident,0,1,86,6.767613223081664e-9,15.3
874,10000003,88,121,73.8,resident,0,1,25,0.0008410576037528836,16.6
875,10000003,88,121,73.8,worker,1,0,141,0.029014946786441117,11.5
876,10000003,88,121,73.8,resident,0,3,54,0.0077874444751269405,18.900000000000002
877,10000003,88,121,73.8,resident,1,15,68,0.42673791878590317,14.3
878,10000003,88,121,73.8,worker,2,1,158,0.11334456679811782,14.5
879,10000003,88,121,73.8,resident,0,2,50,0.013601139657100218,13.3
880,10000003,88,121,73.8,worker,1,0,140,0.0023218301136508205,11.0
881,10000003,88,121,73.8,worker,1,0,100,6.038307732359887e-9,15.9
882,10000003,88,121,73.8,worker,1,0,127,0.007095099305564878,12.8
883,10000003,88,121,73.8,worker,1,1,165,0.028320734212383094,13.8
884,10000003,88,121,73.8,worker,1,0,119,0.0412203186483903,8.0
885,10000003,88,121,73.8,worker,1,0,112,9.508428966890872e-7,13.9
886,10000003,88,121,73.8,resident,0,2,31,0.004760524806799799,12.8
887,10000003,88,121,73.8,worker,1,0,141,5.953778774016999e-5,12.3
888,10000003,88,121,73.8,resident,0,1,4,0.02298579621771,12.9
889,10000003,88,121,73.8,worker,1,0,119,1.4767629184618155e-7,17.5
890,10000003,88,121,73.8,worker,2,0,130,0.02183314270051768,16.900000000000002
891,10000003,88,121,73.8,resident,0,3,30,0.050906331304526244,9.3
892,10000003,88,121,73.8,worker,2,1,95,0.4880277597627127,12.4
893,10000003,88,121,73.8,worker,1,0,123,9.402888536692835e-5,11.4
894,10000003,88,121,73.8,worker,1,0,173,0.00023654771698547,14.3
895,10000003,88,121,73.8,resident,0,1,46,0.00013538056489905683,11.8
896,10000003,88,121,73.8,resident,0,1,85,7.521498443771684e-7,9.9
897,10000003,88,121,73.8,resident,0,2,52,0.03753308500966719,18.8
898,10000003,88,121,73.8,worker,2,0,90,0.04766068892259,12.3
899,10000003,88,121,73.8,resident,5,28,58,1.2295066023057926,11.0
900,10000003,88,121,73.8,worker,1,0,204,0.0062173697771879255,10.3
901,10000003,88,121,73.8,worker,1,0,157,1.7763077464861806e-8,13.4
902,10000003,88,121,73.8,worker,1,0,179,2.2628336086423198e-7,10.4
903,10000003,88,121,73.8,worker,1,0,129,0.0006293598089570148,10.200000000000001
904,10000003,88,121,73.8,resident,4,32,60,1.0009467164846937,12.600000000000001
905,10000003,88,121,73.8,worker,1,0,114,0.002611095135698065,13.9
906,10000003,88,121,73.8,worker,1,0,118,3.915599339177776e-5,12.200000000000001
907,10000003,88,121,73.8,resident,0,1,21,3.974388361453847e-6,10.5
908,10000003,88,121,73.8,worker,1,0,118,0.01675729340242345,14.0
909,10000003,88,121,73.8,worker,1,0,91,0.016656355937648103,11.600000000000001
910,10000003,88,121,73.8,resident,0,1,56,2.0616548797941866e-6,11.5
911,10000003,88,121,73.8,resident,0,1,64,9.68238762990952e-6,10.5
912,10000003,88,121,73.8,worker,1,0,120,8.887040606494658e-6,11.100000000000001
913,10000003,88,121,73.8,worker,1,0,139,0.00019314150068404186,16.0
914,10000003,88,121,73.8,resident,0,1,39,0.007850952474158575,9.200000000000001
915,10000003,88,121,73.8,worker,3,2,147,0.15159418780227357,15.9
916,10000003,88,121,73.8,worker,1,0,192,3.581853749932059e-21,17.6
917,10000003,88,121,73.8,worker,1,0,127,4.0313031503719715e-13,12.4
918,10000003,88,121,73.8,worker,1,0,94,7.107502219840164e-10,9.700000000000001
919,10000003,88,121,73.8,resident,0,1,31,2.1393765455105376e-10,11.0
920,10000003,88,121,73.8,worker,3,0,182,0.034618313441454156,12.3
921,10000003,88,121,73.8,worker,2,2,109,0.18188080979228055,9.9
922,10000003,88,121,73.8,worker,1,0,186,6.80039027506989e-8,10.600000000000001
923,10000003,88,121,73.8,resident,0,1,14,1.4782025279691044e-6,9.5
924,10000003,88,121,73.8,worker,1,0,132,0.0012870564123393807,20.5
925,10000003,88,121,73.8,resident,0,1,18,0.011265723599476956,10.9
926,10000003,88,121,73.8,worker,1,0,136,0.003939213869094112,13.4
927,10000003,88,121,73.8,worker,3,1,104,0.1363621681562633,8.0
928,10000003,88,121,73.8,worker,1,0,98,0.00017314003432404514,10.100000000000001
929,10000003,88,121,73.8,resident,0,1,78,2.9094011196169326e-6,12.100000000000001
930,10000003,88,121,73.8,worker,1,0,163,0.0002489354501699192,17.3
931,10000003,88,121,73.8,resident,3,22,15,0.7024411045770386,13.4
932,10000003,88,121,73.8,worker,1,0,139,0.15796094120417858,9.600000000000001
933,10000003,88,121,73.8,worker,1,0,135,0.0012593159784032707,11.700000000000001
934,10000003,88,121,73.8,resident,0,3,22,0.04477031402535102,14.5
935,10000003,88,121,73.8,worker,1,0,154,1.4147228489513913e-6,9.9
936,10000003,88,121,73.8,resident,1,7,2,0.07330617350505894,15.600000000000001
937,10000003,88,121,73.8,worker,1,0,118,0.00013281094395339518,16.6
938,10000003,88,121,73.8,worker,1,0,108,0.009202441435969318,14.3
939,10000003,88,121,73.8,worker,1,0,117,0.008448780099937159,14.600000000000001
940,10000003,88,121,73.8,worker,1,0,204,0.00037264969018328624,12.4
941,10000003,88,121,73.8,worker,2,0,165,0.03605754970004617,15.0
942,10000003,88,121,73.8,worker,1,0,195,0.007402466136394046,11.100000000000001
943,10000003,88,121,73.8,worker,1,0,109,6.930878814531874e-7,14.700000000000001
944,10000003,88,121,73.8,resident,0,1,51,6.186405313768522e-9,14.100000000000001
945,10000003,88,121,73.8,worker,2,0,205,0.20835055860186538,10.8
946,10000003,88,121,73.8,worker,1,0,182,0.0010233163741351276,13.5
947,10000003,88,121,73.8,worker,1,0,89,0.0078063872935968965,17.1
948,10000003,88,121,73.8,worker,1,0,139,0.0006905132941834008,14.200000000000001
949,10000003,88,121,73.8,worker,2,1,147,0.11100098163619314,16.6
950,10000003,88,121,73.8,worker,2,1,141,0.08195774376228435,18.6
951,10000003,88,121,73.8,resident,0,1,79,3.526044437796241e-5,11.4
952,10000003,88,121,73.8,worker,1,0,116,2.385816151021826e-8,12.9
953,10000003,88,121,73.8,resident,1,5,35,0.09672479007223234,15.0
954,10000003,88,121,73.8,worker,1,0,153,0.003278390242391811,20.400000000000002
955,10000003,88,121,73.8,worker,1,0,152,0.00014778186802828923,12.600000000000001
956,10000003,88,121,73.8,worker,2,0,193,0.027824149237113995,12.9
957,10000003,88,121,73.8,resident,0,3,70,0.1296759878805458,12.4
958,10000003,88,121,73.8,worker,9,5,105,0.43785477276013457,13.9
959,10000003,88,121,73.8,worker,2,0,153,0.19749357680854898,13.9
960,10000003,88,121,73.8,worker,1,0,206,0.00013879942991026884,11.0
961,10000003,88,121,73.8,resident,3,9,23,0.3700352460997275,11.9
962,10000003,88,121,73.8,worker,1,0,153,1.830829855552477e-7,16.400000000000002
963,10000003,88,121,73.8,worker,1,0,166,0.06151326638001241,12.0
964,10000003,88,121,73.8,worker,1,0,105,9.964883533011479e-7,12.100000000000001
965,10000003,88,121,73.8,resident,2,12,49,0.2908651237126336,12.700000000000001
966,10000003,88,121,73.8,resident,0,1,33,0.006977278319591813,11.600000000000001
967,10000003,88,121,73.8,resident,0,1,84,0.001384482364123596,10.100000000000001
968,10000003,88,121,73.8,worker,1,0,130,0.00686574760761929,10.9
969,10000003,88,121,73.8,worker,1,1,155,0.01737646033471216,16.8
970,10000003,88,121,73.8,worker,1,0,106,0.0013243307565249114,12.100000000000001
971,10000003,88,121,73.8,worker,1,0,125,8.468982050025082e-5,9.700000000000001
972,10000003,88,121,73.8,worker,1,0,158,2.0029578935215763e-10,11.0
973,10000003,88,121,73.8,worker,2,2,116,0.22808729432877178,11.100000000000001
974,10000003,88,121,73.8,worker,1,0,168,8.743985116804914e-5,10.0
975,10000003,88,121,73.8,worker,1,0,131,4.71161100627417e-5,13.700000000000001
976,10000003,88,121,73.8,worker,1,0,114,0.008376227507331902,12.0
977,10000003,88,121,73.8,worker,3,0,148,0.009449801917668622,8.6
978,10000003,88,121,73.8,worker,1,0,208,2.2285690730648594e-9,20.3
979,10000003,88,121,73.8,resident,0,1,72,0.00270807193197132,9.3
980,10000003,88,121,73.8,worker,1,0,128,6.346456816176337e-5,14.0
981,10000003,88,121,73.8,worker,1,0,188,0.31048281113415566,14.3
982,10000003,88,121,73.8,resident,0,1,84,0.0034731212024058456,10.9
983,10000003,88,121,73.8,worker,1,0,200,0.10674442743074773,15.200000000000001
984,10000003,88,121,73.8,worker,1,0,195,0.3785125608997166,13.0
985,10000003,88,121,73.8,worker,1,0,106,4.239519149809822e-8,10.200000000000001
986,10000003,88,121,73.8,worker,1,0,187,0.05619505227791665,14.100000000000001
987,10000003,88,121,73.8,resident,0,1,63,2.1148159796484863e-5,11.9
988,10000003,88,121,73.8,worker,11,4,152,0.9777223066466827,14.9
989,10000003,88,121,73.8,worker,1,0,145,7.383344048332569e-5,16.6
990,10000003,88,121,73.8,resident,0,1,72,0.0029759989394475598,9.200000000000001
991,10000003,88,121,73.8,resident,0,1,16,1.127207666474985e-5,16.6
992,10000003,88,121,73.8,worker,8,2,147,0.2481440731595987,15.600000000000001
993,10000003,88,121,73.8,worker,3,0,97,0.20088152161793077,12.0
994,10000003,88,121,73.8,resident,1,3,64,0.04653903249884096,7.4
995,10000003,88,121,73.8,worker,2,1,147,0.06510003005658553,11.0
996,10000003,88,121,73.8,resident,0,3,59,0.03478276193697228,14.100000000000001
997,10000003,88,121,73.8,resident,0,1,41,9.25559230252401e-8,13.600000000000001
998,10000003,88,121,73.8,worker,1,0,175,0.01559489308242859,11.600000000000001
999,10000003,88,121,73.8,worker,1,0,159,6.355708431275256e-6,11.3
1000,10000003,88,121,73.8,resident,0,1,10,0.004532398722583885,12.5
